productID,product_name,brandID,original_price,discount,price,discount_percent,rating,review_count,quantity_sold,shopID,dateID
5868813,Điện Thoại Bphone 3 (Trắng) - Hàng Chính Hãng,229213,6990000,0,6990000,0,0,0,5,69946,283
10763370,Điện Thoại Mobell S61 - Hàng Chính Hãng,22017,599000,0,599000,0,0,0,4,9141,418
29931445,"Ulefone Armor X 5 ( chống nước,chống va đập,pin 5.000mAh ) hàng chính hãng",169013,3290000,0,3290000,0,4.6,36,133,2350,619
37289936,"Điện thoại Oukitel WP2 chống nước,chống va đập, pin 10.000 mAh - Hàng chính hãng",112735,5490000,0,5490000,0,4.3,3,14,2350,666
55518608,Điện Thoại Smartphone DXD 20Pro Hàng Chính Hãng Bảo Hành 12 Tháng,725567,590000,0,590000,0,3.2,40,130,9141,885
57809866,Điện thoại Xiaomi Redmi 9A (2GB/32GB),25422,2490000,660000,1830000,27,4.7,623,5037,1,919
58065346,Điện Thoại Realme C11 (2GB/32GB) - Hàng Chính Hãng,247549,2990000,1140000,1850000,38,4.5,11,24,179232,926
59519631,Điện Thoại Xiaomi Redmi 9C (3GB/64GB) - Hàng Chính Hãng,25422,2508000,0,2508000,0,0,0,0,11119,963
65492829,"Điện thoại Oukitel WP5 Pro (Ram4GB,Rom 64Gb,pin 8.000mAh ,chống va đập,chống nước) - hàng chính hãng",112735,3990000,0,3990000,0,5,5,16,2350,1194
68693081,Điện Thoại Samsung Galaxy S20 FE (8GB/256GB) - Hàng Chính Hãng,18802,12490000,3428000,9062000,27,0,0,0,11119,1005
85042408,Điện Thoại Xiaomi Redmi Note 10 (4GB/64GB) - Hàng Chính Hãng,25422,3552000,0,3552000,0,0,0,0,11119,1178
91612670,Điện Thoại Oppo A54 (4GB/128GB),25643,3990000,740000,3250000,19,4.8,59,5711,1,1202
93502532,Điện thoại Nokia C20 2GB/32GB - Hàng chính hãng,19673,2390000,791000,1599000,33,5,2,13,179232,1214
96490448,Điện thoại Vsmart Star 5 (3GB/32GB) - Hàng chính hãng,257333,2490000,0,2490000,0,5,11,14,162514,1228
99862142,Điện Thoại Thông Minh Xiaomi Poco F3 8GB l 256GB - Hàng Chính Hãng,25422,9990000,0,9990000,0,4.7,29,62,122357,1241
101018339,Điện Thoại Oppo A54 (4GB/128GB) - Hàng Chính Hãng - Đã kích hoạt bảo hành điện tử,25643,3912000,0,3912000,0,0,0,0,11119,1243
108888161,Điện thoại Nokia C01 Plus 2GB/16GB - Hàng chính hãng,19673,1690000,240000,1450000,14,4.1,8,22,63,1275
108888574,Điện thoại Nokia 110 4G - Hàng chính hãng,19673,850000,151000,699000,18,4.8,22,84,63,1275
112821872,Điện Thoại Xiaomi Redmi 9C 3GB/64GB - Hàng Chính Hãng,25422,2508000,0,2508000,0,0,0,0,11119,1291
115830124,Điện Thoại Xiaomi Redmi 9A (2GB/32GB)- Đã kích hoạt bảo hành điện tử- Hàng Chính Hãng - Sky Blue,25422,2088000,0,2088000,0,0,0,0,11119,1306
119461456,Điện Thoại Vivo Y21 (4GB/64GB) - Hàng Chính Hãng,52232,4150000,0,4150000,0,0,0,0,241708,1332
119464777,Điện Thoại Nokia C01 Plus 2GB/16GB - Hàng Chính Hãng,19673,1879000,480000,1399000,26,4.5,39,95,179232,1339
120295859,Điện Thoại Nokia C30 (2GB/32GB) - Hàng Chính Hãng,19673,1990000,300000,1690000,15,4.6,130,454,1,1335
120782084,Điện Thoại Xiaomi Redmi 10 4GB/64GB - Hàng Chính Hãng,25422,3552000,0,3552000,0,0,0,0,11119,1339
121744434,Điện Thoại Xiaomi Redmi 10 4GB/128GB - Hàng Chính Hãng,25422,4290000,711000,3579000,17,4.8,46,124,29952,1347
123345348,Apple iPhone 12,17827,16990000,2000000,14990000,12,5,1254,2710,1,1353
125590981,Điện thoại Nokia C30 2GB/32GB - Hàng chính hãng,19673,2090000,0,2090000,0,5,23,64,222120,1363
125600698,Điện thoại Nokia C01 Plus - Hàng chính hãng,19673,1879000,480000,1399000,26,4.8,11,23,179232,1363
126296983,Điện thoại Nokia C20 2GB/16GB - Hàng chính hãng,19673,1890000,440000,1450000,23,4.3,4,12,63,1390
126703130,Điện thoại Xiaomi Redmi 10 (4GB/64GB) - Hàng chính hãng - Đã kích hoạt bảo hành điện tử,25422,3552000,0,3552000,0,0,0,0,11119,1369
127680701,Điện Thoại OPPO A54 (4GB/128GB) - Hàng Chính Hãng,25643,3912000,0,3912000,0,0,0,0,11119,1375
129167166,"Điện thoại ITEL A48 2GB/32GB , 6.1"" HD+ , Camera kép - Hàng Chính Hãng, Bảo Hành 12 Tháng",111461,1990000,591000,1399000,30,4.5,10,66,179232,1380
129167418,"Điện thoại itel Vision1 Pro (L6502) 2GB/32GB , 6.1"" HD+ , Camera kép - Hàng Chính Hãng, Bảo Hành 12 Tháng",111461,1999000,609000,1390000,30,3.8,12,46,179232,1380
132068858,Điện Thoại Oppo A55 (4GB/64GB),25643,4990000,1640000,3350000,33,4.8,270,20164,1,1389
135322157,Điện Thoại Nokia C20 2GB/32GB - Hàng Chính Hãng,19673,2490000,1000000,1490000,40,4.5,31,94,1,1397
135332196,Điện Thoại Nokia C20 2GB/16GB - Hàng Chính Hãng,19673,2290000,651000,1639000,28,5,8,26,29952,1398
137203873,Điện thoại Vivo Y15s (3GB/32GB) - Hàng chính hãng,52232,2990000,61000,2929000,2,0,0,6,162514,1405
137562237,Điện Thoại Oppo A54 4GB/128GB - Hàng Chính Hãng,25643,3912000,0,3912000,0,0,0,0,11119,1406
137572223,Điện Thoại Oppo A55 4GB/64GB - Hàng Chính Hãng,25643,3912000,0,3912000,0,0,0,0,11119,1406
137582801,Điện Thoại Realme C21Y 3GB/32GB - Hàng Chính Hãng,247549,2990000,921000,2069000,31,3,2,6,179232,1406
137864049,"Điện thoại Oukitel K15 Plus(chống sốc,chống va đập,pin 10.000mAh,Ram 4Gb,Rom 32Gb) - hàng chính hãng",112735,3990000,0,3990000,0,4.8,10,30,2350,1412
138867253,Điện thoại TECNO Spark 6 Go (4GB/64GB) - Hàng chính hãng,162007,2990000,471000,2519000,16,4,1,4,162514,1410
138873172,Điện thoại TECNO Spark 7T (4GB/64GB) - Hàng chính hãng,162007,3390000,661000,2729000,19,5,1,6,162514,1412
140144656,Điện thoại Realme C25Y (4GB/128GB) - Hàng chính hãng,247549,4990000,1461000,3529000,29,0,0,0,162514,1415
140163114,Điện thoại Oppo A55 (4GB/64GB) - Hàng chính hãng,25643,3912000,0,3912000,0,0,0,0,11119,1415
140184098,Điện Thoại Vsmart Bee Lite 2GB/16GB - Hàng Chính Hãng,257333,1990000,903000,1087000,45,4.3,18,58,29952,1415
140221779,Điện thoại Vivo V23e (8GB/128GB) – Hàng Chính Hãng,52232,8490000,0,8490000,0,0,0,1,235971,1415
140747649,Điện thoại Realme C11 2021 (4GB/64GB) - Hàng chính hãng,247549,3790000,311000,3479000,8,0,0,1,162514,1417
141337014,Điện thoại OPPO A55 (4GB/64GB) Đen - Hàng chính hãng,25643,3912000,0,3912000,0,0,0,0,11119,1418
141496858,Điện thoại OPPO A55 (4GB/64GB) - Hàng chính hãng,25643,3912000,0,3912000,0,0,0,0,11119,1418
141529940,Điện Thoại Realme C21Y 4GB/64GB - Hàng Chính Hãng,247549,4290000,1429000,2861000,33,0,0,0,29952,1419
142545270,Điện Thoại Oppo A16k (3GB/32GB),25643,3190000,791000,2399000,25,5,247,22936,1,1422
143359355,Điện Thoại Tecno Spark 6 Go 4GB/64GB - Hàng Chính Hãng,162007,2990000,799000,2191000,27,4.8,11,21,29952,1425
143850131,Điện thoại Vivo V23e (8GB/128GB) - Hàng chính hãng,52232,8490000,0,8490000,0,4.8,5,9,162514,1428
144142520,Điện Thoại Realme C25Y 4GB/128GB - Hàng Chính Hãng,247549,4990000,1691000,3299000,34,0,0,0,29952,1429
144870494,Điện Thoại Oppo A16k 3GB/32GB - Hàng Chính Hãng,25643,3012000,0,3012000,0,0,0,0,11119,1430
145972424,Điện thoại Oppo A16K (3GB/32GB) - Hàng chính hãng,25643,3012000,0,3012000,0,0,0,0,11119,1437
147969070,"Điện thoại thông minh itel A26 - giá rẻ | 2 Sim 2 Sóng 4G LTE | Màn hình IPS 5.7"" HD+ | RAM 2GB + ROM 32 GB (Hỗ trợ thẻ nhớ 32 GB) | Mở khoá bằng Gương Mặt | Chính Hãng bảo hành 12 tháng| 1 đổi 1 trong 30 ngày",111684,1990000,791000,1199000,40,4.5,49,156,179232,1446
149776401,"Điện thoại smartphone Sugar A100, music smartphone - Hàng chính hãng",4960305,1690000,841000,849000,50,4.8,13,34,179232,1446
151463645,"Điện thoại Bphone A60 (Ram 6Gb,Rom 128 Gb,màn hình đục lổ FHD 6.7inch , pin 5.000mAh ) - Hàng chính hãng",229213,6490000,0,6490000,0,4,1,1,2350,1455
155339564,Điện thoại Itel A26 (2GB/32GB) - Bảo hành 12 tháng - Hàng chính hãng,111461,1170000,0,1170000,0,4.5,5,45,162061,1465
155536275,Điện thoại Samsung Galaxy S21 FE 5G (8GB/128GB) - Hàng chính hãng,18802,16990000,6000000,10990000,35,4.6,56,166,1,1466
155833852,Điện Thoại Masstel Hapi 30 3GB/32GB - Hàng Chính Hãng,112638,2390000,684000,1706000,29,5,2,6,29952,1467
158461088,Điện Thoại Oppo A55 (4GB/64GB) - Hàng Chính Hãng,25643,3912000,0,3912000,0,0,0,0,11119,1475
158714974,Điện thoại Samsung Galaxy A03 (3GB/32GB) - Hàng chính hãng,18802,3500000,0,3500000,0,0,0,0,11119,1475
158741127,Điện Thoại Samsung A03 3GB/32GB - Hàng Chính Hãng,18802,2990000,840000,2150000,28,5,18,48,29952,1478
158808107,Điện thoại OPPO A16K (3GB/32GB) - Hàng chính hãng,25643,3990000,1360000,2630000,34,0,0,0,20704,1479
158880691,Điện thoại Samsung Galaxy A03 (3GB/32GB) - Hàng chính hãng,18802,2990000,681000,2309000,23,4.5,8,27,162514,1478
158895857,Điện thoại Vivo Y33s (8GB/128GB) - Hàng chính hãng,52232,5990000,170000,5820000,3,5,1,1,162514,1478
158959656,Điện Thoại Di Động OPPO A55 (4G+64G) - Hàng Chính Hãng,25643,3912000,0,3912000,0,0,0,0,11119,1625
159110705,Điện thoại itel Vision 1 Pro L6502 (2GB/32GB) - Hàng chính hãng,111461,2590000,1200000,1390000,46,5,5,8,179232,1479
159725951,Điện thoại Samsung Galaxy A03 (3GB/32GB) - Hàng chính hãng - Đã kích hoạt bảo hành điện tử,18802,3500000,0,3500000,0,0,0,1,11119,1480
159853930,Điện Thoại Samsung Galaxy S21 FE 5G 8GB/128GB - Hàng Chính Hãng,18802,12900000,3551000,9349000,28,0,0,0,11119,1482
159887168,Điện Thoại Galaxy S21 FE 5G RAM 8GB - Hàng chính hãng chưa active,18802,15000000,5651000,9349000,38,0,0,0,11119,1485
159887172,Điện Thoại Galaxy Z Flip3 5G 8GB/256GB - Hàng chính hãng chưa active,18802,22450000,0,22450000,0,0,0,1,261128,1482
159887209,Điện Thoại Galaxy S21 FE 5G RAM 6GB/128GB - Hàng chính hãng chưa active,18802,15000000,6249000,8751000,42,0,0,0,11119,1482
159887243,Điện Thoại Galaxy Z Flip3 5G 8GB/128GB,18802,22250000,0,22250000,0,5,18,36,261128,1482
159887246,Điện Thoại Galaxy Z Fold3 5G 256GB - Hàng chính hãng chưa active,18802,34950000,0,34950000,0,0,0,0,261128,1485
160303941,Điện thoại Nokia C20 (2GB/16GB) - Hàng chính hãng,19673,2290000,631000,1659000,28,3,2,3,162514,1485
160797086,Điện Thoại Vivo Y33s 8GB/128GB - Hàng Chính Hãng,52232,5999000,560000,5439000,9,4.7,3,8,29952,1488
160801738,Điện thoại Xiaomi Redmi Note 11 (4GB/64GB) - Hàng chính hãng,25422,4390000,0,4390000,0,0,0,0,34716,1489
160801751,Điện thoại Xiaomi Redmi Note 11 (4GB/128GB),25422,4990000,661000,4329000,13,4.8,12,36,162514,1488
160819119,Điện Thoại Xiaomi Redmi Note 11 4GB/128GB - Hàng Chính Hãng,25422,4790000,0,4790000,0,0,0,0,34716,1489
160819279,Điện Thoại Xiaomi Redmi Note 11 4GB/64GB - Hàng Chính Hãng,25422,4716000,0,4716000,0,0,0,0,11119,1489
161158099,Điện Thoại ZTE Blade A51 3GB l 64GB - Hàng Chính Hãng,49994,2690000,0,2690000,0,5,2,2,259709,1500
161178498,Điện Thoại ZTE Blade A31 Plus 2GB l 32GB - Hàng Chính Hãng,49994,1990000,0,1990000,0,5,1,4,259709,1501
162033655,Điện Thoại Vivo Y15s 3GB/32GB - Hàng Chính Hãng,52232,3690000,801000,2889000,22,5,2,6,29952,1506
162473705,Điện thoại Xiaomi Redmi Note 11 Hàng chính hãng 4GB / 64GB | Pin 5000mAh | Snapdragon 680 | Sạc nhanh 33W,25422,4716000,0,4716000,0,0,0,0,11119,1508
162583902,Điện thoại Samsung Galaxy S22 Plus 5G (8GB/128GB),18802,25990000,7500000,18490000,29,5,22,50,1,1508
162583980,Điện thoại Samsung Galaxy S22 Plus 5G (8GB/256GB),18802,27490000,7500000,19990000,27,4.6,17,55,1,1508
162593114,Điện thoại Samsung Galaxy S22 Ultra 5G (8GB/128GB),18802,30990000,10000000,20990000,32,4.5,21,53,1,1509
162593136,Điện thoại Samsung Galaxy S22 Ultra 5G (12GB/256GB),18802,33990000,10000000,23990000,29,4.6,28,211,1,1509
162593187,Điện thoại Samsung Galaxy S22 Ultra 5G (12GB/512GB),18802,36990000,10000000,26990000,27,4.8,22,38,1,1509
162728553,Điện thoại Xiaomi Redmi Note 11 (4GB/64GB)  - Hàng chính hãng,25422,4716000,0,4716000,0,0,0,0,11119,1509
163039754,Điện thoại Xiaomi Redmi Note 11 (4GB/128GB) - Hàng chính hãng,25422,4716000,0,4716000,0,5,1,1,11119,1510
163318271,Điện thoại Samsung Galaxy S21 FE 5G (6GB/128GB) - Hàng chính hãng - ĐÃ KÍCH HOẠT BẢO HÀNH ĐIỆN TỬ,18802,15000000,6249000,8751000,42,0,0,0,11119,1513
164444757,Điện thoại OPPO A55 4GB/64GB Đen- Hàng Chính Hãng,25643,3912000,0,3912000,0,0,0,0,11119,1520
164494879,Điện thoại OPPO A55 4GB/64GB Xanh - Hàng Chính Hãng,25643,3912000,0,3912000,0,0,0,0,11119,1520
164923596,Điện Thoại Oppo A16k 4GB/64GB - Hàng Chính Hãng,25643,3168000,0,3168000,0,0,0,0,11119,1517
164937168,Điện Thoại Oppo A16k (4GB/64G) - Hàng Chính Hãng,25643,4290000,1320000,2970000,31,5,121,19972,1,1517
165700071,Điện Thoại Oppo A76 6GB/128GB - Hàng Chính Hãng,25643,5436000,0,5436000,0,0,0,0,11119,1520
165747145,"Điện thoại Xiaomi Redmi 9A 2GB/32GB - Chip MediaTek Helio G25 8 nhân (12 nm), Màn hình 6.53"" HD+, Camera 13MP, Pin 5000 - Hàng Chính Hãng",25422,2160000,0,2160000,0,0,0,0,11119,1545
166034907,Điện Thoại Oppo A76 (6GB/128G) - Hàng Chính Hãng,25643,5436000,0,5436000,0,0,0,0,11119,1522
166034912,Điện Thoại Oppo A16 (3GB/32G) - Hàng Chính Hãng,25643,3192000,0,3192000,0,0,0,0,11119,1522
166041979,Điện Thoại Oppo A16 3GB/32GB - Hàng Chính Hãng,25643,3192000,0,3192000,0,0,0,0,11119,1522
166389506,Điện thoại Samsung Galaxy A03 Core (2GB/32GB) - Hàng chính hãng - ĐÃ KÍCH HOẠT BẢO HÀNH ĐIỆN TỬ,18802,3500000,1649000,1851000,47,0,0,0,11119,1523
166438257,Điện thoại Xiaomi Redmi Note 11S (8GB/128GB) - Hàng chính hãng,25422,6690000,1628000,5062000,24,5,11,35,162514,1523
166613831,Điện Thoại Xiaomi Note 11 Pro (8GB/128GB) - Hàng Chính Hãng,25422,7032000,0,7032000,0,0,0,0,11119,1523
167015200,Bút Spen Samsung S22 Ultra - Hàng Chính Hãng ,18802,1990000,800000,1190000,40,0,0,1,91934,1524
167267098,Điện thoại Samsung Galaxy S21 FE 5G (8GB/128GB) - Hàng chính hãng,18802,12900000,3551000,9349000,28,0,0,1,11119,1527
167383164,Điện Thoại Xiaomi Redmi Note 11 - Hàng Chính Hãng,25422,4690000,0,4690000,0,5,1,3,34716,1527
167495996,Điện Thoại Samsung A03 Core 2GB/32GB - Hàng Chính Hãng,18802,2590000,801000,1789000,31,4.6,15,68,179232,1527
168055450,Điện thoại Samsung Galaxy S22 Plus 5G (8GB/128GB) - Hàng chính hãng - ĐÃ KÍCH HOẠT BẢO HÀNH ĐIỆN TỬ,18802,23000000,6500000,16500000,28,0,0,0,11119,1529
168062573,Điện thoại Samsung Galaxy S22 Plus 5G (8GB/256GB) - Hàng chính hãng - ĐÃ KÍCH HOẠT BẢO HÀNH ĐIỆN TỬ,18802,23000000,6500000,16500000,28,0,0,0,11119,1529
168094334,Điện thoại Samsung Galaxy S20 FE (8GB/256GB) - Hàng chính hãng,18802,12490000,3428000,9062000,27,0,0,0,11119,1529
168183442,"Điện thoại Smartphone iTel A26 (2GB/32GB) - Chụp Ảnh AI, Mở Khoá Bằng Khuôn Mặt  - Hàng Chính Hãng",111461,1999000,600000,1399000,30,4.7,3,6,223387,1548
168282061,Điện Thoại Oppo Reno 7Z 5G (8GB/128G) - Hàng Chính Hãng,25643,7668000,0,7668000,0,0,0,0,11119,1529
168304456,"Điện thoại TECNO Spark 8C (4GB/64GB) - RAM tùy biến mở rộng tới 7GB |Pin 5000 mAh| 6.6"" HD+ 90Hz - Hàng chính hãng",162007,2990000,591000,2399000,20,5,1,5,179232,1530
168304536,Điện Thoại Oppo Reno 7 5G (8GB/256G),25643,12990000,6000000,6990000,46,4.8,70,277,1,1529
168317790,Điện Thoại Xiaomi Redmi 9A (2GB/32GB)- Đã kích hoạt bảo hành điện tử- Hàng Chính Hãng - Peacock Green,25422,2088000,0,2088000,0,0,0,0,11119,1530
168320000,Điện Thoại Xiaomi Redmi 9A (2GB/32GB)- Đã kích hoạt bảo hành điện tử- Hàng Chính Hãng - Granite Gray,25422,2088000,0,2088000,0,0,0,0,11119,1530
168520983,Điện Thoại Realme C21Y 3GB/32GB - Hàng Chính Hãng,247549,2990000,921000,2069000,31,5,1,5,179232,1530
168844555,Điện thoại Samsung Galaxy S22 5G (8GB) - Hàng chính hãng,18802,20970000,0,20970000,0,4.5,7,27,261128,1531
168940033,Điện thoại Samsung Galaxy S22 Ultra 5G (8GB/128GB) - Hàng Chính Hãng,18802,29755000,0,29755000,0,2,1,4,261128,1531
169266793,Điện thoại Samsung Galaxy S21 FE 5G (8GB/128GB) - Hàng chính hãng - Đã Active,18802,15000000,5651000,9349000,38,0,0,0,11119,1534
169304867,Điện Thoại Oppo A55 (4GB/64GB) - Hàng Chính Hãng - Đã Kích Hoạt Bảo Hành Điện Tử - Đen Mạnh Mẽ,25643,3912000,0,3912000,0,0,0,0,11119,1534
169464835,Điện Thoại Oppo A76 6GB/128GB - Hàng Chính Hãng,25643,5436000,0,5436000,0,0,0,0,11119,1534
169520871,Điện Thoại Xiaomi Redmi Note 11 Pro 5G 8GB/128GB - Hàng Chính Hãng,25422,8990000,1271000,7719000,14,4.3,6,11,29952,1534
169547788,Điện Thoại Xiaomi Redmi Note 11 Pro 8GB/128GB - Hàng Chính Hãng,25422,7032000,0,7032000,0,0,0,0,11119,1537
169734558,Điện thoại Oppo A16 (3GB/32GB) - Hàng chính hãng,25643,3192000,0,3192000,0,0,0,0,11119,1536
169744019,Điện thoại Xiaomi Redmi Note 11 (4GB/64GB) - Xám - Hàng chính hãng,25422,4690000,0,4690000,0,0,0,1,34716,1535
169749516,Điện thoại Xiaomi Redmi Note 11 Pro (8GB/128GB) - Hàng chính hãng,25422,7032000,0,7032000,0,0,0,0,11119,1536
170338160,Điện Thoại OPPO RENO7 Z 5G (8GB/128GB) - Hàng Chính Hãng,25643,10490000,2500000,7990000,24,0,0,0,213861,1538
170338314,Điện Thoại Samsung Galaxy S21 FE 5G (6GB/128GB) - ĐÃ KÍCH HOẠT ĐIỆN TỬ - Hàng Chính Hãng,18802,15000000,6249000,8751000,42,0,0,0,11119,1538
170346955,Điện Thoại Samsung Galaxy S21 FE 5G (8GB/128GB) - ĐÃ KÍCH HOẠT ĐIỆN TỬ - Hàng Chính Hãng,18802,12900000,3551000,9349000,28,0,0,0,11119,1538
170497385,Điện thoại Samsung Galaxy A53 5G (8GB/128GB),18802,9990000,2500000,7490000,25,4.8,155,566,1,1538
170580388,Điện thoại Samsung Galaxy A13 (4GB/128GB) - Hàng chính hãng,18802,4000000,0,4000000,0,0,0,1,11119,1538
170581659,Điện thoại Samsung Galaxy A23 (4GB/128GB),18802,5690000,0,5690000,0,0,0,1,259954,1538
170775712,Điện Thoại Xiaomi Redmi 10C 4GB/128GB - Hàng Chính Hãng,25422,3890000,740000,3150000,19,4.8,13,38,29952,1541
171169353,Điện Thoại Samsung A53 5G 8GB/128GB - Hàng Chính Hãng,18802,8660000,863000,7797000,10,0,0,0,11119,1542
171190775,Điện thoại Smartphone Sugar A100 2GB/16GB 4G LTE - Hàng chính hãng,4960305,799000,0,799000,0,0,0,0,9141,1542
171592667,Điện thoại Xiaomi Redmi Note 11 (4GB/64GB) - Xanh Dương Đậm - Hàng chính hãng,25422,4690000,0,4690000,0,0,0,0,34716,1544
171897574,Điện thoại Xiaomi Redmi 10C (4GB/128GB),25422,4390000,1400000,2990000,32,5,17,94,1,1545
172001933,Điện Thoại Samsung A03 Core 2GB/32GB - Hàng Chính Hãng,18802,2690000,901000,1789000,33,4,3,16,179232,1545
172160182,Điện thoại Xiaomi Redmi Note 11 Pro  (8GB/128GB) - Hàng chính hãng,25422,7032000,0,7032000,0,0,0,0,11119,1545
172178476,Điện Thoại Samsung A23 4GB/128GB - Hàng Chính Hãng,18802,5690000,1391000,4299000,24,4.8,11,37,29952,1548
172303189,Điện thoại OPPO A16K (3GB/32GB) - Hàng chính hãng,25643,2969000,319000,2650000,11,0,0,1,179232,1548
172309326,Điện Thoại Samsung A13 4GB/128GB - Hàng Chính Hãng,18802,4190000,0,4190000,0,0,0,0,11119,1548
172313857,Điện Thoại Realme C11 2021 (2GB/32GB) - Hàng Chính Hãng,247549,2990000,1140000,1850000,38,0,0,1,179232,1548
172319352, Điện Thoại Realme C11 2021 (2GB/32GB) - Hàng Chính Hãng,247549,2489000,639000,1850000,26,0,0,1,179232,1548
172329599,Điện thoại Xiaomi Redmi 9A (2GB/32GB) - Hàng chính hãng,25422,2199000,320000,1879000,15,0,0,24,179232,1548
172335599,Điện Thoại Xiaomi Redmi 9C 3GB/64GB - Hàng Chính Hãng,25422,2699000,400000,2299000,15,4.7,9,26,179232,1548
172340710,"Điện thoại TECNO Spark 8C (4GB+3GB/64GB) - Pin 5000 mAh 6.6"" HD+ 90Hz - Hàng chính hãng",162007,2990000,591000,2399000,20,4.7,25,66,179232,1548
172555765,Điện thoại Xiaomi Redmi 10C 4/128GB - Hàng chính hãng,25422,3468000,0,3468000,0,0,0,0,11119,1552
172589109,Điện thoại Xiaomi Redmi 10C (4GB/128GB) - Hàng chính hãng,25422,3649000,550000,3099000,15,5,4,19,179232,1549
172826900,Điện thoại Samsung Galaxy A13 (4GB/128GB) - Hàng chính hãng,18802,4190000,0,4190000,0,0,0,0,11119,1549
172828967,Điện thoại Samsung Galaxy A23 (4GB/128GB) - Hàng chính hãng,18802,5690000,0,5690000,0,0,0,26,162514,1549
172949839,Điện thoại Samsung Galaxy A53 5G (8GB/128GB) - Hàng chính hãng,18802,8668000,871000,7797000,10,0,0,0,11119,1550
173205160,Điện thoại OPPO Reno7 Z 5G - HÀNG CHÍNH HÃNG,25643,7668000,0,7668000,0,0,0,0,11119,1552
173390458,Điện thoại Samsung Galaxy S21 FE 5G (8GB/128GB) - Hàng chính hãng - ĐÃ KÍCH HOẠT BẢO HÀNH ĐIỆN TỬ,18802,15000000,5651000,9349000,38,0,0,0,11119,1552
173461557,Điện Thoại Oppo A16k (3GB/32G) - Đã Kích Hoạt - Hàng Chính Hãng,25643,3012000,0,3012000,0,0,0,0,11119,1555
173711552,Điện Thoại Oppo A16 3GB/32GB - Đã Kích Hoạt - Hàng Chính Hãng - Đen Mạnh Mẽ,25643,3192000,0,3192000,0,0,0,0,11119,1555
173712024,Điện Thoại Oppo A16k (3GB/32G) - Đã Kích Hoạt - Hàng Chính Hãng - Đen Bí Ẩn,25643,3012000,0,3012000,0,0,0,0,11119,1555
173764269,Điện thoại Samsung Galaxy A13 (4GB/128GB) - Hàng chính hãng - Đã kích hoạt bảo hành điện tử,18802,3985000,0,3985000,0,5,1,2,77917,1555
173764601,Điện thoại Samsung Galaxy A23 (4GB/128GB) - Hàng chính hãng - Đã kích hoạt bảo hành điện tử,18802,5690000,1400000,4290000,25,5,33,131,20704,1556
174067758,Điện Thoại Samsung Galaxy A53 5G (8GB/128GB) - Hàng Chính Hãng,18802,9600000,1803000,7797000,19,0,0,0,11119,1559
174422886,Điện Thoại Samsung A33 5G 6GB/128GB - Hàng Chính Hãng,18802,6800000,0,6800000,0,0,0,0,11119,1564
174589577,Điện thoại Samsung Galaxy S22 Ultra 5G (12GB/256GB) - Hàng Chính Hãng,18802,32782000,0,32782000,0,5,1,1,261128,1566
174598949,Điện thoại Samsung Galaxy S22 Plus 5G (8GB/128GB) - Hàng Chính Hãng,18802,24912000,0,24912000,0,5,5,7,261128,1565
174599533,Điện thoại Samsung Galaxy S22 Plus 5G (8GB/256GB) - Hàng Chính Hãng,18802,26223000,0,26223000,0,5,9,19,261128,1564
174630782,Điện Thoại Samsung A23 4GB/128GB - Hàng Chính Hãng,18802,5263000,663000,4600000,13,5,1,1,11119,1566
174649410,Điện Thoại OPPO A76 (6GB/128GB) - Hàng Chính Hãng,25643,5436000,0,5436000,0,0,0,0,11119,1565
175147005,Điện thoại Samsung Galaxy A33 5G (6GB/128GB) - Hàng chính hãng,18802,7000000,0,7000000,0,0,0,0,11119,1566
175845367,Điện Thoại Samsung Galaxy S20 FE (8GB/256GB) - Hàng Chính Hãng - Đã kích hoạt bảo hành điện tử,18802,13990000,5700000,8290000,41,4.7,109,321,1,1569
175967811,Điện Thoại Samsung Galaxy S20 FE 256GB | 8GB - Hàng Chính Hãng,18802,9950000,0,9950000,0,4.7,185,443,261128,1576
176036536,Điện Thoại OPPO RENO7 4G (8GB/128GB) - Hàng Chính Hãng,25643,7490000,1100000,6390000,15,0,0,1,213861,1571
176438844,Điện thoại Xiaomi REDMI 9A (2+32) Xanh lá - Hàng chính hãng (chỉ giao HN và một số khu vực),25422,2088000,0,2088000,0,0,0,0,11119,1572
176438846,Điện thoại Xiaomi REDMI 9C (3+64) Xám - Hàng chính hãng (chỉ giao HN và một số khu vực),25422,2568000,0,2568000,0,0,0,0,11119,1572
176438848,Điện thoại OPPO CPH2375 - A76 Xanh Thời Thượng - Hàng chính hãng (chỉ giao HN và một số khu vực),25643,5436000,0,5436000,0,0,0,0,11119,1572
176438850,Điện thoại OPPO CPH2349 - A16k Đen bí ẩn - Hàng chính hãng (chỉ giao HN và một số khu vực),25643,2836000,0,2836000,0,0,0,0,11119,1572
176438858,Điện thoại OPPO CPH2269 - A16 3GB Đen Mạnh Mẽ - Hàng chính hãng (chỉ giao HN và một số khu vực),25643,3080000,0,3080000,0,0,0,0,11119,1572
176438864,Điện thoại Xiaomi REDMI 9A (2+32) Xanh dương - Hàng chính hãng (chỉ giao HN và một số khu vực),25422,2088000,0,2088000,0,0,0,0,11119,1572
176713246,Điện Thoại Samsung A73 5G 8GB/128GB - Hàng Chính Hãng,18802,11500000,1978000,9522000,17,0,0,0,11119,1576
177141832,Điện Thoại Samsung Galaxy A33 5G (6GB/128GB) - Hàng Chính Hãng - Đã kích hoạt bảo hành điện tử,18802,6800000,0,6800000,0,0,0,0,11119,1578
177343384,Điện Thoại Oppo Reno 7 4G (8GB/128G),25643,8990000,3200000,5790000,36,5,96,517,1,1578
177545817,Điện thoại Realme C35 4GB/128GB - Hàng chính hãng,247549,4990000,1500000,3490000,30,0,0,3,1,1579
177814405,Điện thoại Xiaomi Redmi 10C (4GB/64GB) - Hàng chính hãng,25422,3468000,0,3468000,0,0,0,0,11119,1583
178000116,Điện thoại Samsung Galaxy A73 5G (8GB/128GB) - Hàng chính hãng,18802,11200000,1678000,9522000,15,0,0,0,11119,1585
178575037,Điện Thoại Nokia C21 Plus 2GB/32GB - Hàng Chính Hãng,19673,2690000,1041000,1649000,39,4.3,6,12,29952,1590
178951652,Điện Thoại Samsung Galaxy A53 5G (8GB/128GB) - ĐÃ KÍCH HOẠT ĐIỆN TỬ - Hàng Chính Hãng,18802,9990000,0,9990000,0,4.8,5,6,10016,1590
179159231,Điện Thoại Vivo T1X (4GB/64GB) - Hàng Chính Hãng,52232,3490000,0,3490000,0,0,0,1,162061,1590
179234820,Điện thoại Samsung Galaxy A03 (3GB/32GB) - Hàng chính hãng,18802,3500000,0,3500000,0,0,0,1,11119,1591
179438711,Điện Thoại Nokia C21 Plus (2GB/64GB) - Hàng Chính Hãng,19673,2690000,821000,1869000,31,5,1,2,179232,1591
179589103,Điện Thoại Xiaomi Redmi 10C 4GB/128GB - Hàng Chính Hãng,25422,3599000,500000,3099000,14,5,4,30,179232,1592
179591105,Điện Thoại Oppo A55 4GB/64GB - Hàng Chính Hãng,25643,3912000,0,3912000,0,0,0,0,11119,1592
179717941,Điện Thoại Samsung Galaxy S22 Ultra 5G (12GB/256GB) - ĐÃ KÍCH HOẠT ĐIỆN TỬ - Hàng Chính Hãng,18802,33990000,0,33990000,0,4.6,11,17,10016,1592
179753588,Điện Thoại Di Động Samsung Galaxy A33 (5G) 6GB | 128GB - Hàng Chính Hãng,18802,7000000,0,7000000,0,0,0,0,11119,1593
179930704,Điện Thoại Nokia C21 Plus (3GB/64GB) - Hàng Chính Hãng,19673,2999000,809000,2190000,27,4.5,10,47,1,1593
181216830,"Điện thoại ZTE Blade V40 Vita (ZTE 8045) - MH giọt nước HD+ 6.75"" - Pin 6000 mAh sạc nhanh 22.5W -  Bộ nhớ mở rộng (4+2)GB - Hàng chính hãng",49994,4290000,1300000,2990000,30,0,0,0,259709,1625
181264344,"Điện thoại oukitel  k15 pro (chống sốc,pin khủng,pin 10.000mAh ,Ram 8Gb,Rom 128Gb) – hàng chính hãng",112735,4990000,0,4990000,0,4.2,5,11,2350,1600
181266509,"Điện thoại Ulefone Armor 14 pro (chống nước,chống va đập,pin khủng,pin 10.000mAh,Ram 6Gb,Rom 128Gb)- hàng chính hãng",169013,5990000,0,5990000,0,5,4,6,2350,1600
181503298,Điện thoại Xiaomi Redmi Note 11 [4GB/128GB] [6GB/128GB] |Dimensity 810| Full Ngôn Ngữ - BH 12 tháng,25422,4716000,0,4716000,0,0,0,0,11119,1601
181517965,Điện Thoại Samsung Galaxy A33 5G (8GB/128GB) - ĐÃ KÍCH HOẠT ĐIỆN TỬ - Hàng Chính Hãng,18802,8990000,0,8990000,0,0,0,0,10016,1600
181699053,Điện thoại Xiaomi Redmi 9A - Hàng chính hãng,25422,2088000,0,2088000,0,0,0,0,11119,1648
181699058,Điện thoại Samsung Galaxy A33 5G (8/128GB) - Hàng chính hãng,18802,7790000,0,7790000,0,0,0,0,150440,1601
181699076,Điện thoại Samsung Galaxy S21 FE 5G - Hàng chính hãng,18802,15000000,5651000,9349000,38,0,0,0,11119,1655
181699158,Điện thoại Xiaomi Redmi 10 5G - Hàng chính hãng,25422,4790000,0,4790000,0,0,0,1,150440,1653
181699210,Điện thoại Xiaomi Redmi 9C - Hàng chính hãng,25422,2508000,0,2508000,0,0,0,0,11119,1653
181699258,Điện thoại OPPO A16K - Hàng chính hãng,25643,3012000,0,3012000,0,0,0,0,11119,1657
181699278,Điện thoại Xiaomi Redmi Note 11 - Hàng chính hãng,25422,4990000,0,4990000,0,0,0,0,150440,1653
181699314,Điện thoại OPPO Reno7 Z 5G - Hàng chính hãng,25643,7668000,0,7668000,0,0,0,0,11119,1657
181699331,Điện thoại Samsung Galaxy A53 5G - Hàng chính hãng,18802,9990000,0,9990000,0,0,0,0,150440,1649
181699369,Điện thoại OPPO A55- Hàng chính hãng,25643,3912000,0,3912000,0,0,0,0,11119,1657
181699370,Điện thoại Xiaomi Redmi 10C 4/128GB - Hàng chính hãng,25422,3890000,0,3890000,0,0,0,0,150440,1657
181918564,"Điện thoại OUKITEL WP16 (pin 10.600mAh,  Ram 8Gb,Rom 128Gb, màn hình 6,39 in , Android 11, Máy ảnh nhìn ban đêm 20MP, chống nước IP68,chống va đập, hai SIM 4G, NFC..) – hàng chính hãng",112735,5990000,0,5990000,0,0,0,0,2350,1604
181926713,Điện thoại Nokia C21 Plus 2GB/64GB - Hàng chính hãng,19673,2890000,1057000,1833000,37,0,0,0,63,1604
184036446,Apple iPhone 11,17827,12990000,2340000,10650000,18,4.8,2917,13686,1,1611
184059211,Apple iPhone 13,17827,24990000,8500000,16490000,34,5,1729,5253,1,1611
184696247,Điện thoại Realme C35 4GB/64GB - Hàng chính hãng,247549,4290000,1300000,2990000,30,5,4,9,1,1622
185887807,"Điện thoại Gaming Redmagic 7 - MH AMOLED 6.8"" Full HD+ 165Hz - Qualcomm Snapdragon 8 Gen 1 8 nhân - HT làm mát 8.0 - Hàng chính hãng",7355445,18990000,0,18990000,0,0,0,2,186025,1626
186148059,Điện thoại Samsung Galaxy A03 32GB Xanh - Hàng Chính Hãng,18802,3500000,0,3500000,0,0,0,0,11119,1625
186591556,[Hàng Chính Hãng Quốc tế] Điện Thoại Xiaomi Black Shark 5 (8GB/128GB),233903,14500000,0,14500000,0,0,0,1,39195,1639
187254759,Điện Thoại Samsung Galaxy A13 (4GB/64GB) - Hàng Chính Hãng,18802,4190000,717000,3473000,17,0,0,0,11119,1633
187266104,Điện thoại Gaming Tecno POVA 3 (6GB)/128GB - Helio G88 | 7000 mAh | Sạc nhanh 33W - Hàng Chính Hãng,162007,4990000,1140000,3850000,23,4.8,121,281,189668,1634
187954641,Điện thoại Samsung S22 8GB/128GB Hồng - Hàng Chính Hãng,18802,21990000,9400000,12590000,43,0,0,0,212607,1635
187955862,Điện thoại Samsung S22 8GB/128GB Xanh Lá - Hàng Chính Hãng,18802,21990000,7500000,14490000,34,0,0,0,212607,1635
188043025,Điện thoại Samsung S22 Plus 8GB/128GB Hồng - Hàng Chính Hãng,18802,25990000,10000000,15990000,38,0,0,0,212607,1636
188044095,Điện thoại Samsung S22 Plus 8GB/128GB Đen - Hàng Chính Hãng,18802,25990000,7000000,18990000,27,0,0,0,212607,1636
188127351,Điện thoại Samsung S22 Plus 8GB/256GB Đen - Hàng Chính Hãng,18802,25025000,8525000,16500000,34,0,0,0,11119,1636
188128834,Điện thoại Samsung S22 Ultra 8GB/128GB Đen - Hàng Chính Hãng,18802,30990000,13600000,17390000,44,0,0,0,212607,1636
188129338,Điện thoại Samsung S22 Ultra 8GB/128GB Trắng -Hàng Chính Hãng,18802,30990000,13600000,17390000,44,0,0,0,212607,1636
188543973,Điện thoại Samsung Galaxy A23 4GB/128GB Xanh - Hàng Chính Hãng,18802,5690000,1200000,4490000,21,0,0,0,212607,1639
188698092,Điện thoại Samsung Galaxy A23 4GB/128GB Đen - Hàng Chính Hãng,18802,5690000,1200000,4490000,21,5,1,1,212607,1640
188698703,Điện thoại Samsung Galaxy A23 4GB/128GB Cam - Hàng Chính Hãng,18802,5690000,1200000,4490000,21,5,1,4,212607,1640
188701072,Điện thoại Samsung Galaxy A13 4GB/128GB Xanh - Hàng Chính Hãng,18802,4190000,0,4190000,0,0,0,0,11119,1640
188832832,Điện thoại Samsung A53 5G 128GB Xanh - Hàng Chính Hãng,18802,8390000,593000,7797000,7,0,0,0,11119,1641
188832981,Điện thoại Samsung A53 5G 128GB Đen - Hàng Chính Hãng,18802,8390000,593000,7797000,7,0,0,0,11119,1641
188833417,Điện thoại Samsung A53 5G 128GB Cam - Hàng Chính Hãng,18802,8390000,0,8390000,0,0,0,0,11119,1641
188833574,Điện thoại Samsung A53 5G 128GB Trắng - Hàng Chính Hãng,18802,9600000,0,9600000,0,0,0,0,11119,1641
188833794,Điện thoại Samsung A33 5G 6GB/128GB Xanh - Hàng Chính Hãng,18802,6800000,0,6800000,0,0,0,0,11119,1641
188833923,Điện thoại Samsung A33 5G 6GB/128GB Đen - Hàng Chính Hãng,18802,6800000,0,6800000,0,0,0,0,11119,1641
188834089,Điện thoại Samsung A33 5G 6GB/128GB Cam - Hàng Chính Hãng,18802,6800000,0,6800000,0,0,0,0,11119,1641
188834734,Điện thoại Samsung A33 5G 6GB/128GB Trắng - Hàng Chính Hãng,18802,7000000,0,7000000,0,0,0,0,11119,1641
188835531,Điện thoại Xiaomi Redmi 10C 4GB/128GB Xám - Hàng Chính Hãng,25422,3468000,0,3468000,0,0,0,0,11119,1641
188837747,Điện thoại Xiaomi Redmi 10C 4GB/128GB Xanh Dương - Hàng Chính Hãng,25422,3468000,0,3468000,0,0,0,0,11119,1641
188844932,Điện thoại Xiaomi Redmi Note 11 4GB/64GB Xanh Dương Đậm - Hàng Chính Hãng,25422,4716000,0,4716000,0,0,0,0,11119,1641
188845278,Điện thoại Xiaomi Redmi Note 11 4GB/64GB Xanh Dương Nhạt - Hàng Chính Hãng,25422,4716000,0,4716000,0,0,0,0,11119,1641
188846950,Điện thoại Xiaomi Redmi Note 11 4GB/128GB Xanh Dương Đậm - Hàng Chính Hãng,25422,4716000,0,4716000,0,0,0,0,11119,1641
188868071,Điện thoại Xiaomi Redmi Note 11 Pro 8GB/128GB Xám - Hàng Chính Hãng,25422,7032000,0,7032000,0,0,0,0,11119,1641
188870406,Điện thoại Xiaomi Redmi Note 11 Pro 8GB/128GB Xanh Dương - Hàng Chính Hãng,25422,7032000,0,7032000,0,0,0,0,11119,1641
189466001,Điện thoại Xiaomi Redmi 10A (2GB/32GB) - Hàng chính hãng,25422,2406000,0,2406000,0,0,0,0,11119,1646
189658085,Điện Thoại Oppo A57 (4GB/64GB),25643,4490000,940000,3550000,21,5,119,9774,1,1647
189677315,Điện thoại Xiaomi Redmi 10A (2GB/32GB) - Hàng chính hãng,25422,2556000,0,2556000,0,0,0,0,11119,1647
189932634,Điện thoại OPPO A16 (3 GB/32 GB) - Hàng chính hãng,25643,3192000,0,3192000,0,0,0,0,11119,1652
189932777,Điện thoại Xiaomi 12 (8 GB/256 GB) - Hàng chính hãng,25422,12900000,0,12900000,0,0,0,0,11119,1651
189932809,Điện thoại Samsung Galaxy A53 (5G) A536 (8 GB/128 GB)- Hàng chính hãng,18802,9600000,1803000,7797000,19,0,0,0,11119,1651
189934829,Điện thoại Samsung Galaxy A13 A135 (4 GB/128 GB) - Hàng chính hãng,18802,4190000,0,4190000,0,0,0,0,11119,1650
189934885,Điện thoại OPPO Reno7 Z (8 GB/128 GB) - Hàng chính hãng,25643,7668000,0,7668000,0,0,0,0,11119,1652
189935254,Điện thoại Samsung Galaxy A03 A035 (3 GB/32 GB) - Hàng chính hãng,18802,3500000,0,3500000,0,0,0,0,11119,1651
189937184,Điện thoại Samsung Galaxy S21 FE G990E (8 GB/128 GB) - Hàng chính hãng,18802,12900000,3551000,9349000,28,0,0,0,11119,1652
189937243,Điện thoại Samsung Galaxy A33 (5G) A336 (6 GB/128 GB)- Hàng chính hãng,18802,7000000,0,7000000,0,0,0,0,11119,1651
189937468,Điện thoại Samsung Galaxy A73 (5G) A736 (8 GB/128 GB)- Hàng chính hãng,18802,11500000,1978000,9522000,17,0,0,0,11119,1651
190109961,Điện Thoại Samsung Galaxy A03s 4GB 64GB  -  Hàng Chính Hãng,18802,3690000,0,3690000,0,0,0,0,128602,1649
190530084,Điện Thoại Samsung Galaxy S22 Ultra 5G (8GB/128GB) - ĐÃ KÍCH HOẠT ĐIỆN TỬ - Hàng Chính Hãng,18802,30990000,0,30990000,0,5,5,10,10016,1655
190542002,Điện thoại Xiaomi POCO C40 (4 GB/64 GB) - Hàng chính hãng,25422,3240000,0,3240000,0,0,0,0,11119,1652
190544267,Điện Thoại Oppo A57 4GB/64GB - Hàng Chính Hãng,25643,4490000,611000,3879000,14,0,0,5,29952,1654
190547041,Điện Thoại Xiaomi Redmi 10A 2GB/32GB - Hàng Chính Hãng,25422,2890000,621000,2269000,21,0,0,2,29952,1653
190558337,Điện thoại Samsung Galaxy A23 (4/128GB) - Hàng chính hãng,18802,4590000,0,4590000,0,0,0,0,150440,1655
190558349,Điện thoại Samsung Galaxy A73 5G (8/128GB) -Hàng chính hãng,18802,9790000,0,9790000,0,0,0,0,150440,1655
190558358,Điện thoại Samsung Galaxy A03 - Hàng chính hãng,18802,3500000,0,3500000,0,0,0,0,11119,1655
190558359,Điện thoại Xiaomi Redmi Note 11S - Hàng chính hãng,25422,6690000,0,6690000,0,0,0,0,150440,1657
190691224,Điện thoại Xiaomi Redmi Note 11 Pro 5G - Hàng chính hãng,25422,8990000,0,8990000,0,0,0,0,150440,1657
190701486,Điện Thoại OPPO A57 (4GB/64GB) - Hàng Chính Hãng,25643,4284000,0,4284000,0,0,0,0,11119,1654
190702241,Điện thoại Samsung A73 8GB/128GB Xám - Hàng chính hãng,18802,11271000,1749000,9522000,16,0,0,0,11119,1654
190702391,Điện thoại Samsung A73 8GB/128GB Trắng - Hàng chính hãng,18802,11500000,1978000,9522000,17,0,0,0,11119,1654
190702606,Điện thoại Samsung A73 8GB/128GB Xanh - Hàng chính hãng,18802,11271000,1749000,9522000,16,0,0,0,11119,1654
191477618,Điện thoại Nokia C21 Plus (2GB/32GB) - Hàng chính hãng,19673,2690000,1021000,1669000,38,5,2,8,162514,1660
191581836,Điện thoại Samsung Galaxy A13 (4/128GB) - Hàng chính hãng,18802,4190000,0,4190000,0,0,0,0,150440,1662
191629873,Điện thoại Xiaomi Redmi 10A (2GB/32GB) - Hàng Chính Hãng,25422,2556000,0,2556000,0,0,0,0,11119,1667
191689540,Điện thoại Samsung Galaxy A23 A235F Blue (DM) - Hàng Chính Hãng,18802,5180000,580000,4600000,11,0,0,0,11119,1661
191689612,Điện thoại Samsung Galaxy A23 (4G+128G) A235F Đen - Hàng Chính Hãng,18802,5180000,580000,4600000,11,0,0,0,11119,1661
191689653,Điện thoại Samsung Galaxy A33 A336E 5G Orange (DM) - Hàng Chính Hãng,18802,7000000,0,7000000,0,0,0,0,11119,1661
191689660,Điện thoại Samsung Galaxy A53 A536E 128G 5G Light Blue (DM) - Hàng Chính Hãng,18802,8390000,593000,7797000,7,0,0,0,11119,1661
191689713,Điện thoại Samsung Galaxy A33 A336E 5G Xanh - Hàng Chính Hãng,18802,7000000,0,7000000,0,0,0,0,11119,1661
191689727,Điện thoại OPPO CPH2387 - A57 Đen - Hàng Chính Hãng,25643,4080000,0,4080000,0,0,0,0,11119,1661
191689774,Điện thoại OPPO CPH2325 - A55 Xanh đam mê - Hàng Chính Hãng,25643,3912000,0,3912000,0,0,0,0,11119,1661
191689809,Điện thoại Samsung Galaxy A23 (4G+128G) A235F Xanh - Hàng Chính Hãng,18802,5180000,580000,4600000,11,0,0,0,11119,1661
191689878,Điện thoại OPPO CPH2387 - A57 Xanh - Hàng Chính Hãng,25643,4361000,0,4361000,0,0,0,0,11119,1661
191689899,Điện thoại Samsung Galaxy A03 3+32GB Xanh - Hàng Chính Hãng,18802,3500000,0,3500000,0,0,0,0,11119,1661
191689934,Điện thoại Samsung Galaxy A13 (4G+128G) A135F Xanh - Hàng Chính Hãng,18802,4000000,0,4000000,0,0,0,0,11119,1661
191764688,Điện thoại Xiaomi Redmi 10A (2GB/32GB) - Hàng chính hãng,25422,2690000,421000,2269000,16,0,0,0,179232,1864
191916060,"Điện thoại Xiaomi Redmi 10A (2GB/32GB) - Hàng chính hãng, Nguyên seal, Fullbox",25422,2556000,0,2556000,0,0,0,0,11119,1664
192036708,Điện Thoại OPPO A57 (4GB/128GB) - Hàng Chính Hãng,25643,4632000,0,4632000,0,0,0,0,11119,1667
192172856,Điện Thoại OPPO A16K (4GB/64GB) - Hàng Chính Hãng,25643,4290000,1400000,2890000,33,0,0,0,20704,1668
192211290,Điện Thoại Samsung Galaxy A73 5G (8GB/128GB) - ĐÃ KÍCH HOẠT ĐIỆN TỬ - Hàng Chính Hãng,18802,11990000,0,11990000,0,0,0,0,10016,1668
192216530,Điện Thoại Samsung Galaxy A13 (4GB/128GB) - Hàng Chính Hãng,18802,4690000,0,4690000,0,5,10,25,10016,1668
192348147,Điện thoại Oppo A57 (4GB/64GB) - Hàng chính hãng,25643,4490000,581000,3909000,13,0,0,0,162514,1668
192839254,Điện Thoại Samsung Galaxy A53 8GB/128GB - Hàng chính hãng,18802,8087000,290000,7797000,4,0,0,0,11119,1671
192859201,"Điện thoại Oukitel WP19(chống sốc ,chống nước ,Pin 21000mAh ,Ram 8G ,Rom 256G ,Tầm nhìn ban đêm 64MP ,  Máy ảnh 90Hz ,Điện thoại Helio G95 )-hàng chính hãng",112735,9790000,0,9790000,0,5,2,3,2350,1671
193206340,Điện thoại Samsung Galaxy Z Fold 4 5G 256GB Xám - Hàng chính hãng,18802,38000000,6240000,31760000,16,0,0,0,11119,1675
193206432,Điện thoại Samsung Galaxy Z Fold 4 5G 256GB Kem - Hàng chính hãng,18802,38000000,6240000,31760000,16,0,0,0,11119,1675
193206657,Điện thoại Samsung Galaxy Z Fold 4 5G 256GB Đen - Hàng chính hãng,18802,40990000,12600000,28390000,31,0,0,0,212607,1675
193207281,Điện thoại Samsung Galaxy Z Fold 4 5G 512GB Kem - Hàng chính hãng,18802,42000000,6850000,35150000,16,0,0,0,11119,1675
193207892,Điện thoại Samsung Galaxy Z Flip 4 5G 128GB Tím - Hàng chính hãng,18802,22551000,0,22551000,0,0,0,0,11119,1675
193208070,Điện thoại Samsung Galaxy Z Flip 4 5G 128GB Vàng - Hàng chính hãng,18802,22551000,7808000,14743000,35,0,0,0,11119,1675
193208134,Điện thoại Samsung Galaxy Z Flip 4 5G 256GB Xanh nhạt - Hàng chính hãng,18802,25990000,6400000,19590000,25,0,0,0,212607,1675
193208254,Điện thoại Samsung Galaxy Z Flip 4 5G 256GB Tím - Hàng chính hãng,18802,22200000,0,22200000,0,0,0,0,11119,1675
193209870,Điện thoại Samsung Galaxy Z Flip 4 5G 256GB Vàng - Hàng chính hãng,18802,25990000,6400000,19590000,25,0,0,0,212607,1675
193263880,Điện Thoại Vivo Y02s (3GB/32GB) - Hàng Chính Hãng,52232,3490000,740000,2750000,21,4.7,3,7,1,1675
193310183,Điện Thoại OnePlus 10T 5G (8GB/128G) - Hàng Chính Hãng - Đen,27468,15990000,2500000,13490000,16,4.8,17,47,1,1675
193366048,Điện thoại OnePlus 10T 5G - Hàng Chính Hãng,27468,15990000,0,15990000,0,0,0,0,297110,1676
193733976,Điện thoại Samsung Galaxy A23 (4 GB/128 GB) - Hàng chính hãng,18802,5263000,663000,4600000,13,0,0,0,11119,1678
193769065,Điện thoại OPPO A76 (6GB/28GB) - Hàng chính hãng,25643,5436000,0,5436000,0,0,0,0,11119,1680
193769086,Điện thoại OPPO A96 (8GB/28GB) - Hàng chính hãng,25643,6348000,0,6348000,0,0,0,0,11119,1680
193769136,Điện thoại OPPO A16K (3GB/32GB) - Hàng chính hãng,25643,3012000,0,3012000,0,0,0,0,11119,1680
193769143,Điện thoại OPPO A57 (4GB/28GB) - Hàng chính hãng,25643,4632000,0,4632000,0,0,0,0,11119,1680
193769168,Điện thoại OPPO A57 (4GB/64GB) - Hàng chính hãng,25643,4284000,0,4284000,0,0,0,0,11119,1681
193979830,Điện Thoại Oppo A96 (8GB/128G),25643,6990000,1000000,5990000,14,5,9,44,1,1682
194020045,Điện thoại Xiaomi 12 Pro (12GB/256GB) - Hàng chính hãng,25422,18900000,0,18900000,0,0,0,0,11119,1685
194034217,Điện thoại Samsung Galaxy Z Flip 4 (8GB/128GB),18802,23990000,5000000,18990000,21,5,78,288,1,1682
194037967,Điện thoại Samsung Galaxy Z Flip 4 (8GB/256GB),18802,25990000,5000000,20990000,19,5,28,82,1,1682
194041787,Điện thoại Samsung Galaxy Z Fold 4 (12GB/256GB) - Hàng chính hãng,18802,38000000,6240000,31760000,16,0,0,0,11119,1682
194041977,Điện thoại Samsung Galaxy Z Fold 4 (12GB/512GB) - Hàng chính hãng,18802,42000000,6850000,35150000,16,0,0,0,11119,1682
194125248,Điện thoại Vivo Y02s  (3GB/32GB) - Hàng Chính Hãng,52232,3490000,0,3490000,0,0,0,4,235971,1684
194462682,"Điện thoại ZTE Blade A52 4GB l 64GB, Pin 5000mAh, Màn hình 6.52"", Camera AI Triple - Hàng chính hãng",49994,3490000,0,3490000,0,0,0,0,259709,1751
194489407,Điện Thoại Oppo Reno8 Z 5G (8GB/256GB) - Hàng Chính Hãng,25643,8644000,0,8644000,0,0,0,0,11119,1685
194490386,Điện Thoại Oppo Reno8 4G (8GB/256GB) - Hàng Chính Hãng,25643,7956000,0,7956000,0,0,0,0,11119,1685
194961039,Điện thoại Samsung Galaxy Z Flip4 5G - Hàng chính hãng,18802,20250000,5507000,14743000,27,0,0,0,11119,1688
195231233,Điện Thoại Xiaomi Redmi 10C - Hàng chính hãng,25422,3890000,950000,2940000,24,5,5,21,122357,1690
195231834,Điện thoại POCO F4 GT 8GB/128GB - Hàng chính hãng,25422,15990000,0,15990000,0,0,0,0,122357,1690
195247535,Điện thoại OPPO Reno8 5G (8GB/256GB) - Hàng chính hãng,25643,13990000,1800000,12190000,13,5,2,2,213861,1690
195311658,Điện thoại XIAOMI POCO X4 GT 8+128GB/8+256GB | MediaTek Dimensity 8100 | Sạc nhanh 67W - Hàng chính hãng,25422,8490000,0,8490000,0,5,23,49,122357,1690
195323206,Điện thoại vivo Y22s (8GB - 128GB) - Hàng Chính Hãng,52232,5990000,0,5990000,0,5,1,3,235971,1690
195330986,"Điện thoại thông minh XIAOMI Redmi 10A 2GB+32GB/3GB+64GB MediaTek Helio G25 | 6,53"" HD+ Hàng chính hãng",25422,2890000,0,2890000,0,0,0,1,122357,1690
195333531,Điện Thoại OPPO RENO8 Z 5G (8GB/256GB) - Hàng Chính Hãng,25643,10490000,1900000,8590000,18,5,5,14,213861,1690
195352781,Điện thoại OPPO Reno8 4G (8GB/256GB) - Hàng chính hãng,25643,8990000,1300000,7690000,14,0,0,3,213861,1691
195436019,Điện thoại Xiaomi Redmi Note 11 | Pin 5000mAh | Snapdragon 680 | Sạc nhanh 33W - Hàng chính hãng,25422,4716000,0,4716000,0,0,0,0,11119,1697
195661031,Điện thoại OPPO A57 (4 GB/128 GB) - Hàng chính hãng,25643,4632000,0,4632000,0,0,0,0,11119,1692
195662979,Điện thoại OPPO A76 (6 GB/128 GB) - Hàng chính hãng,25643,5436000,0,5436000,0,0,0,0,11119,1692
195928164,Điện thoại OPPO Reno8 (8 GB/256 GB) - Hàng chính hãng,25643,7956000,0,7956000,0,0,0,0,11119,1696
195962857,Điện thoại OPPO Reno8 Z 5G (8 GB/256 GB) - Hàng chính hãng,25643,8644000,0,8644000,0,0,0,0,11119,1697
195977553,Điện Thoại Samsung Galaxy Z Fold 4 (12GB/256GB) - ĐÃ KÍCH HOẠT ĐIỆN TỬ - Hàng Chính Hãng,18802,38000000,6240000,31760000,16,0,0,1,11119,1702
196044608,Điiện Thoại OPPO Reno8 Z 5G (8GB/256GB) - Hàng Chính Hãng,25643,8644000,0,8644000,0,0,0,0,11119,1731
196094112,Điện Thoại Samsung Galaxy Z Flip 4 (8GB/128GB) - ĐÃ KÍCH HOẠT ĐIỆN TỬ - Hàng Chính Hãng,18802,22551000,7808000,14743000,35,0,0,0,11119,1702
196193895,Điện Thoại di động vivo Y16 (4GB/128GB) - Hàng Chính Hãng,52232,4490000,0,4490000,0,0,0,2,235971,1703
196197701,Điện thoại Samsung Galaxy Z Fold4 5G (12GB/256GB) - Hàng chính hãng,18802,40990000,5821000,35169000,14,0,0,0,162514,1703
196197861,Điện thoại Samsung Galaxy Z Fold4 5G (12GB/512GB) - Hàng chính hãng,18802,42000000,6850000,35150000,16,0,0,0,11119,1703
196200121,Điện thoại Samsung Galaxy Z Flip4 5G (8 GB/128 GB) - Hàng chính hãng,18802,20250000,5507000,14743000,27,0,0,0,11119,1700
196200197,Điện thoại Samsung Galaxy Z Flip4 5G (8 GB/256 GB) - Hàng chính hãng,18802,22200000,7457000,14743000,34,0,0,0,11119,1700
196200655,Điện thoại Samsung Galaxy Z Flip4 5G (8GB/256GB) - Hàng chính hãng,18802,22200000,7457000,14743000,34,0,0,0,11119,1703
196282354,Điện Thoại Samsung Galaxy Z Flip 4 (8GB/128GB) - Hàng Chính Hãng - Đã kích hoạt bảo hành điện tử,18802,23990000,9490000,14500000,40,0,0,2,20704,1737
196282517,Điện Thoại Samsung Galaxy Z Flip4 (8GB/256GB) - Hàng Chính Hãng - Đã kích hoạt bảo hành điện tử,18802,24431000,9688000,14743000,40,0,0,0,11119,1872
196343012,Điện thoại OPPO Reno8 4G (8GB/256GB) - Hàng Chính Hãng,25643,7956000,0,7956000,0,0,0,0,11119,1731
196348143,Điện Thoại OPPO A57 (4GB/64GB) - Hàng Chính Hãng,25643,4490000,600000,3890000,13,0,0,1,20704,1732
196562133,Điện thoại Samsung Galaxy Z Flip4 5G (8GB/128GB) - Hàng chính hãng,18802,20250000,5507000,14743000,27,0,0,0,11119,1709
196953614,Điện thoại Oppo Reno8 Z 5G (8GB/256GB) - Hàng chính hãng,25643,8644000,0,8644000,0,0,0,0,11119,1711
197095637,Điện Thoại Xiaomi POCO M5 4G (4/64 GB) - Hàng chính hãng,25422,3408000,0,3408000,0,0,0,0,11119,1711
197111727,Xiaomi POCO M5 4G - Hàng chính hãng,25422,3408000,0,3408000,0,0,0,0,11119,1711
197147134,Điện thoại POCO M5s 4GB+64GB/6GB+128GB | Màn hình AMOLED | MediaTek Helio G95 | Sạc nhanh 33W - Hàng chính hãng,25422,5290000,1000000,4290000,19,5,3,12,122357,1712
197211969,Điện thoại Gaming Tecno POVA 3 (6+5GB)/128GB-Helio G88|7000 mAh|Sạc nhanh 33W-Hàng Chính hãng,162007,4990000,1340000,3650000,27,4.8,17,47,80348,1719
197214015,Apple iPhone 14 Plus,17827,27990000,6240000,21750000,22,5,114,297,1,1712
197214029,Apple iPhone 14,17827,24990000,5740000,19250000,23,5,119,417,1,1712
197216279,Apple iPhone 14 Pro,17827,30990000,5740000,25250000,19,5,243,885,1,1712
197216291,Apple iPhone 14 Pro Max,17827,33990000,6540000,27450000,19,5,465,2919,1,1712
197497444,Điện Thoại Oppo Reno8 Z 5G 8GB/256GB - Hàng Chính Hãng,25643,8644000,0,8644000,0,0,0,0,11119,1717
197605015,Điện Thoại Samsung Galaxy Z Flip 4 - Hàng Chính Hãng,18802,23990000,0,23990000,0,0,0,0,261128,1717
197605784,Điện Thoại Samsung Galaxy Z Fold 4 - Hàng Chính Hãng,18802,40990000,0,40990000,0,0,0,0,261128,1717
197653568,Điện thoại Realme Narzo 50i Prime (3GB/32GB) - Hàng Chính Hãng,247549,1890000,0,1890000,0,5,3,6,162061,1719
197670818,Điện thoại Samsung Galaxy A04s (4GB/64GB) - Hàng chính hãng,18802,3990000,1040000,2950000,26,5,1,3,179232,1719
197889905,Điện Thoại Nokia G11 4GB/64GB - Hàng Chính Hãng,19673,3890000,1245000,2645000,32,4.6,14,47,29952,1724
198111545,Điện Thoại Vivo V25e 2022 (8GB/128GB) - Hàng Chính Hãng,52232,8490000,0,8490000,0,0,0,1,235971,1725
198203859,Điện Thoại Vivo V25 5G 2022 (8GB/128GB) - Hàng Chính Hãng,52232,10490000,0,10490000,0,5,2,4,235971,1725
198254452,Điện thoại TCL 30SE (4GB/128GB) - CRUZE PRO,27932,3890000,1200000,2690000,31,5,2,11,1,1725
198363821,Điện thoại Xiaomi Redmi A1 2GB + 32GB Camera kép - Pin 5000mAh - Màn hình độ phân giải HD+ - Hàng chính hãng,25422,2190000,350000,1840000,16,5,2,8,122357,1727
198457556,Điện Thoại Oppo A16 (3GB/32G) - Hàng Chính Hãng - ĐKH,25643,3192000,0,3192000,0,0,0,0,11119,1727
198587877,"Điện thoại TECNO Spark 8C (3GB/64GB) - Pin 5000 mAh 6.6"" HD+ 90Hz - Hàng chính hãng",162007,2499000,350000,2149000,14,0,0,1,179232,1730
198648645,Điện thoại Xiaomi Redmi A1 (2GB/32GB),25422,2490000,640000,1850000,26,5,18,84,1,1731
198671718,Điện Thoại Samsung Galaxy A04s (4GB/64GB) - Hàng Chính Hãng - Đã kích hoạt bảo hành điện tử,18802,3990000,1100000,2890000,28,5,7,23,20704,1732
198732256,Điện thoại Samsung Galaxy A04s (4G+64G) A047F Đen - Hàng Chính Hãng (chỉ giao HN và một số khu vực),18802,3651000,466000,3185000,13,0,0,0,11119,1731
198732321,Điện thoại Samsung Galaxy A04s (4G+64G) A047F Xanh - Hàng Chính Hãng (chỉ giao HN và một số khu vực),18802,3651000,466000,3185000,13,0,0,0,11119,1731
198732327,Điện thoại Samsung Galaxy A04s (4G+64G) A047F Đồng - Hàng Chính Hãng (chỉ giao HN và một số khu vực),18802,3390000,0,3390000,0,0,0,0,11119,1731
198734319,Điện Thoại OPPO A96 (8GB/128GB) - Hàng Chính Hãng,25643,6348000,0,6348000,0,0,0,0,11119,1732
198858451,Điện thoại Samsung Galaxy A04s (4GB/64GB) - Hàng chính hãng,18802,3990000,1051000,2939000,26,0,0,10,162514,1733
198968094,Điện Thoại Xiaomi Redmi A1 2GB/32GB - Hàng Chính Hãng,25422,2190000,301000,1889000,14,0,0,7,29952,1734
199196755,Điện thoại Xiaomi Redmi A1 (2GB/32GB) - Hàng chính hãng,25422,2190000,301000,1889000,14,5,1,1,162514,1744
199540391,Điện Thoại OPPO RENO8 Pro (12GB/256GB) - Hàng Chính Hãng (Pre Order),25643,18990000,2000000,16990000,11,0,0,0,213861,1739
199901837,Điện thoại Xiaomi Redmi A1 - Hàng chính hãng,25422,2088000,0,2088000,0,0,0,0,11119,1741
199902129,Điện thoại Xiaomi Redmi A1 (2GB/32GB) - Hàng chính hãng,25422,2190000,300000,1890000,14,0,0,1,20704,1751
200732479,Điện Thoại Oppo A77s (8GB/128GB),25643,6290000,836000,5454000,13,0,0,0,29952,1747
200995800,Điện thoại Realme C30s (2GB/32GB) - Hàng chính hãng,247549,2490000,740000,1750000,30,0,0,0,1,1748
200998845,Điện thoại Realme Narzo 50i Prime (3GB/32GB) - Hàng Chính Hãng,247549,2490000,561000,1929000,23,5,4,17,179232,1748
201182424, Điện thoại TECNO Spark 8C (3GB/64GB) - RAM tùy biến mở rộng tới 6GB | Pin 5000 mAh - Hàng chính hãng,162007,2499000,350000,2149000,14,0,0,3,179232,1750
201490941,"Điện Thoại Vivo T1X (4GB/64GB) Chip Snapdragon 680 , Màn 90hz - Hàng Chính Hãng",52232,4490000,840000,3650000,19,0,0,1,179232,1751
201548628,Điện thoại Nokia C31 - Hàng Chính Hãng,19673,3190000,1140000,2050000,36,4.5,24,98,1,1752
201631518,Điện thoại Samsung Galaxy A04 (3GB/32GB) - Hàng chính hãng,18802,2800000,615000,2185000,22,0,0,3,11119,1752
201703358,Điện thoại Samsung Galaxy A23 5G (4GB/128GB),18802,6500000,0,6500000,0,0,0,0,11119,1753
202046077,Điện thoại OPPO A96 (8GB/128GB) - Hàng chính hãng,25643,6990000,1000000,5990000,14,0,0,2,213861,1759
202269832,Điện Thoại Vivo V25 Pro 5G (8GB/128GB) - Hàng Chính Hãng,52232,13990000,0,13990000,0,0,0,0,235971,1759
203278278,Điện Thoại Samsung A04 3GB/32GB - Hàng Chính Hãng,18802,2990000,881000,2109000,0,5,2,20,29952,1765
203764665,Điện thoại Gaming Tecno POVA 4 PRO 8GB/128GB - Media Tek G99 | 6000 mAh | Sạc nhanh 45W - Hàng Chính Hãng,162007,4990000,500000,4490000,10,4.8,69,204,189668,1766
203853390,Điện Thoại Oppo A17k (3GB/64GB),25643,3290000,500000,2790000,15,4.8,13,87,1,1766
203864283,Điện Thoại Oppo A17 (4GB/64GB) - Hàng Chính Hãng,25643,3990000,640000,3350000,16,5,3,359,1,1766
204066551,Điện thoại Samsung Galaxy A04 (3GB/32GB) - Hàng chính hãng,18802,2990000,871000,2119000,29,5,1,7,162514,1769
204671569,Điện Thoại Oppo A17k 3GB/64GB - Hàng Chính Hãng,25643,3290000,429000,2861000,13,0,0,1,29952,1779
204802771,Điện thoại Oppo A57 (4GB/128GB) - Hàng chính hãng,25643,4632000,0,4632000,0,0,0,0,11119,1773
204810590,Điện thoại OPPO A77s - Hàng chính hãng,25643,6216000,0,6216000,0,0,0,0,11119,1774
204872160,Điện thoại Oppo A17k (3GB/64GB) - Hàng chính hãng,25643,3290000,361000,2929000,11,0,0,1,162514,1774
205113403,Điện thoại Vivo Y02s (3GB/32GB) - Hàng Chính Hãng,52232,3490000,640000,2850000,18,0,0,0,179232,1775
205113529,Điện Thoại Vivo Y01 2GB/32GB - Hàng Chính Hãng,52232,2990000,0,2990000,0,0,0,0,179232,1775
205161232,Điện thoại Realme C33 (3GB/32GB) - Hàng chính hãng,247549,3490000,1100000,2390000,32,0,0,0,1,1775
205518952,Điện Thoại Samsung A23 5G 4GB/128GB - Hàng Chính Hãng,18802,6690000,1168000,5522000,17,0,0,0,29952,1779
205729718,[Hàng Chính Hãng Quốc tế] Điện Thoại Xiaomi Black Shark 5 (12GB/256GB),233903,13990000,0,13990000,0,4.5,2,6,39195,1781
205750556,Điện Thoại Oppo A57 4GB/128GB - Hàng Chính Hãng,25643,4632000,0,4632000,0,0,0,0,11119,1781
206237925,Điện Thoại Oppo A17 4GB/64GB - Hàng Chính Hãng,25643,3990000,534000,3456000,13,5,1,3,29952,1787
206649454,Điện Thoại Samsung Galaxy A73 5G (8GB/128GB) - Hàng Chính Hãng,18802,11500000,1978000,9522000,17,0,0,0,11119,1787
207268082,Điện thoại Xiaomi Redmi 10C (4 +128) Xám - Hàng Chính Hãng (chỉ giao HN và một số khu vực),25422,3468000,0,3468000,0,0,0,0,11119,1790
207268125,Điện thoại Xiaomi Redmi 10C (4 +128) Xanh Dương - Hàng Chính Hãng (chỉ giao HN và một số khu vực),25422,3468000,0,3468000,0,0,0,0,11119,1790
207268144,Điện thoại Samsung Galaxy A04 (3G+32G) SM-A045F Đồng - Hàng Chính Hãng (chỉ giao HN và một số khu vực),18802,2990000,805000,2185000,27,0,0,0,11119,1790
207268146,Điện thoại Samsung Galaxy A23 5G (4G-128G) SM-A236E Black - Hàng Chính Hãng (chỉ giao HN và một số khu vực),18802,5263000,0,5263000,0,0,0,0,11119,1790
207268158,Điện thoại Samsung Galaxy A04 (3G+32G) SM-A045F Đen - Hàng Chính Hãng (chỉ giao HN và một số khu vực),18802,2990000,805000,2185000,27,0,0,0,11119,1790
207268160,Điện thoại Samsung Galaxy A04 (3G+32G) SM-A045F Xanh - Hàng Chính Hãng (chỉ giao HN và một số khu vực),18802,2990000,805000,2185000,27,0,0,0,11119,1790
207475461,Điện thoại Gaming Tecno POVA 4 PRO 8GB/128GB - Media Tek G99 | 6000 mAh | Sạc nhanh 45W - Bảo hành 13 Tháng - Hàng Chính Hãng,162007,4990000,611000,4379000,12,4,6,36,80348,1794
207883258,"Điện thoại oukitel  wp21 (Ram 12Gb,Rom 256Gb ,chống sốc,chống nước,pin khủng, pin 9.800mAh) - hàng chính hãng",112735,9490000,0,9490000,0,0,0,0,2350,1796
207947529,Điện Thoại vivo Y02 (2GB/32GB) - Hàng Chính Hãng,52232,2220000,0,2220000,0,0,0,0,162061,1802
208126172,Điện Thoại Samsung Galaxy A03S - Hàng Chính Hãng,18802,3050000,0,3050000,0,0,0,0,261128,1800
208171115,"Điện thoại OUKITEL WP18 (Chống nước ,chống va đập, pin khủng 12500mAh, Ram 4GB ,Rom 32GB ,màn hình 5.93 inch,Điện thoại chắc chắn) – HÀNG CHÍNH HÃNG",112735,3990000,0,3990000,0,0,0,1,2350,1801
208193365,Điện thoại Samsung Galaxy A04 3/32GB - Hàng chính hãng,18802,2990000,0,2990000,0,0,0,12,150440,1802
208193462,Điện thoại Samsung Galaxy A04s 4/64GB - Hàng chính hãng,18802,3990000,0,3990000,0,0,0,6,150440,1802
209299763," Điện thoại itel vision 1 pro (Ram 3Gb,Rom 32Gb) - hàng chính hãng",111684,1490000,0,1490000,0,0,0,0,2350,1809
209385055,Điện Thoại Samsung Galaxy A53 5G (8GB/256GB) - ĐÃ KÍCH HOẠT ĐIỆN TỬ - Hàng Chính Hãng,18802,10990000,0,10990000,0,0,0,0,10016,1809
210273613,Điện thoại Oppo A17 (4GB/64GB) - Hàng chính hãng,25643,3780000,0,3780000,0,0,0,0,11119,1814
210280612,Điện Thoại OPPO A77s (8GB/128GB) - Hàng Chính Hãng,25643,6290000,720000,5570000,11,0,0,0,20704,1814
212040689,Điện Thoại Samsung Galaxy A04 (3GB/32GB) - Hàng Chính Hãng - Đã kích hoạt bảo hành điện tử,18802,2800000,615000,2185000,22,0,0,0,11119,1816
212040697,Điện Thoại Samsung Galaxy A04 (3GB/32GB) - Hàng Chính Hãng - Đã kích hoạt bảo hành điện tử,18802,2990000,940000,2050000,31,0,0,1,20704,1816
212324916,Điện thoại OPPO Reno8 8GB/256GB Vàng đồng - Hàng chính hãng,25643,7956000,0,7956000,0,0,0,0,11119,1817
212325991,Điện thoại Samsung Galaxy A04s 4GB/64GB Xanh - Hàng chính hãng,18802,3990000,1000000,2990000,25,0,0,2,212607,1817
212326387,Điện thoại Samsung Galaxy A04s 4GB/64GB Đen - Hàng chính hãng,18802,3990000,1000000,2990000,25,5,1,1,212607,1817
212329190,Điện thoại OPPO Reno8 Z 5G 8GB/256GB Vàng đồng - Hàng chính hãng,25643,8784000,0,8784000,0,0,0,0,11119,1817
212329629,Điện thoại Samsung Galaxy A04s 4GB/64GB Đồng - Hàng chính hãng,18802,3990000,1000000,2990000,25,0,0,0,212607,1817
212329857,Điện thoại Xiaomi Redmi 9A 2GB/32GB Xám - Hàng chính hãng,25422,2088000,0,2088000,0,0,0,0,11119,1817
212441034,Điện Thoại Nokia 5710 XpressAudio 4G - Hàng Chính Hãng,19673,1790000,150000,1640000,8,5,1,3,20704,1818
212470482,[HÀNG CHÍNH HÃNG] Điện thoại Gaming Xiaomi Black Shark 5 PRO,233903,20000000,0,20000000,0,0,0,0,39195,1818
212926651,Điện Thoại Samsung Galaxy S20 FE 8GB/256GB - Hàng Chính Hãng - Đã Kích Hoạt Bảo Hành Điện Tử,18802,12490000,3400000,9090000,27,4.7,7,20,20704,1821
213587929,Điện Thoại Samsung Galaxy A04 (3GB/32GB) - Hàng Chính Hãng,18802,2990000,900000,2090000,30,0,0,0,10016,1822
213715031,"Điện thoại Redmi A1 (2GB/32GB) | Điện Thoại Giá Rẻ Mới 100%, Nguyên Seal Bảo hành 12 tháng | Điện Thoại Gaming Pin khủng 5000 mAh - 2 Sim",111461,2990000,720000,2270000,24,0,0,0,128602,1868
213740950,"Điện thoại Giá Rẻ 10A (2GB/32GB) | Điện Thoại Gaming Quay phim Full HD, tấm nền IPS LCD chất lượng, pin 5000mAh | Điện Thoại Chụp Hình Đẹp",111461,3290000,641000,2649000,19,0,0,0,128602,1868
213742250,"Điện thoại Giá Rẻ 9A (2GB/32GB) | Điện thoại Màn Hình Khủng Mới 100%, Nguyên Seal | Điện Thoại Rẻ Cho Học Sinh Bảo hành 12 tháng GZ25",111461,2590000,332000,2258000,13,0,0,0,128602,1868
213842271,Điện Thoại Giá Rẻ Y16 (4GB-128GB) | Điện thoại Màn Hình Lớn Chụp Selfie Siêu Đẹp - Camera 13MP | Bảo Hành 12 Tháng,111461,5540000,1120000,4420000,20,0,0,0,128602,1868
213846637,"Điện thoại Giá Rẻ Y15s (3GB/32GB) Bảo Hành 12 Tháng  Mới 100% Nguyên Seal | Điện Thoại Pin Khủng Dung lượng pin lớn 5000mAh, cụm 3 camera, con chip đủ dùng | Điện Thoại Gaming",111461,3970000,730000,3240000,18,0,0,0,128602,1868
213855927,"Điện thoại Gaming Y01 2GB/32GB Mới 100%, Nguyên Seal Bảo hành 12 tháng | Điện thoại Giá Rẻ Màn Hình Lớn",111461,3420000,644000,2776000,19,0,0,0,128602,1868
213869049,"Điện Thoại Oppo A16 3GB/32GB Hàng Chính Hãng Bảo Hành 12 Tháng Mới 100%, Nguyên Seal | Điện Thoại Giá Rẻ Pin Trâu | Điện Thoại Gaming",25643,3192000,0,3192000,0,0,0,0,11119,1825
213892321,Điện thoại Samsung Galaxy M12 (3GB/32GB) Pin khủng 6000mAh | Điện Thoại Giá Rẻ Mới nguyên seal Màn Hình 6.5 Inches | Điện Thoại Gaming Hàng chính hãng QZ7 - Bảo Hành 12 Tháng,18802,4250000,0,4250000,0,0,0,0,128602,1825
213892728,"Điện thoại Samsung Galaxy M02 (32GB/2GB) - Màn Hình 6.5 Inches - Hàng chính hãng - Mới 100%, Nguyên seal | Bảo hành 12 tháng",18802,3270000,821000,2449000,25,0,0,0,128602,1825
213893316,"Điện Thoại Samsung Galaxy A73 (8GB/128GB) - Hàng Chính Hãng, Mới 100%, Nguyên Seal | Bảo hành 12 tháng GZ38 - Màn Hình 6.7 inches",18802,11200000,1678000,9522000,15,0,0,0,11119,1825
213894484,"Điện thoại Samsung Galaxy A53 5G (8GB/128GB) - Hàng Chính Hãng, Mới 100%, Nguyên Seal | Bảo hành 12 tháng GZ39 - Camera 64 MB Chống Rung - Màn Hình 6.5 Inches",18802,8453000,656000,7797000,8,0,0,0,11119,1825
213912320,"Điện Thoại Samsung Galaxy A23 (4GB/128GB) - Hàng Chính Hãng, Mới 100%, Nguyên Seal | Bảo hành 12 tháng QZ5",18802,5146000,546000,4600000,11,0,0,1,11119,1825
213913762,"Điện Thoại Samsung Galaxy A13 (4GB/128GB) - Hàng Chính Hãng, Mới 100%, Nguyên Seal | Bảo hành 12 tháng QZ4 - Màn Hình 6.6 Inches - Pin Khủng 5000 mAh",18802,4180000,0,4180000,0,0,0,1,11119,1825
213925303,Điện thoại Samsung Galaxy A13 4GB/64GB - Hàng chính hãng - Mới 100% - Nguyên Seal - Bảo Hành 12 Tháng - 4 Camera Mặt Lưng - Màn Hình Full HD,18802,4000000,527000,3473000,13,0,0,0,11119,1825
213926485,"Điện Thoại Samsung Galaxy A13 (4GB/128GB) - Hàng Chính Hãng, Mới 100%, Nguyên Seal | Bảo hành 12 tháng QZ4 - Màn Hình 6.6 Inches Full HD - Pin Lớn 5000mAh",18802,5390000,1190000,4200000,22,0,0,0,128602,1825
213931247,Điện thoại Samsung Galaxy A04 (3GB / 32GB) - Hàng chính hãng - Mới 100% Nguyên Seal - Pin Khủng 5000 mAh - Bảo Hành 12 Tháng,18802,2710000,525000,2185000,19,0,0,0,11119,1829
213952135,Điện Thoại Samsung Galaxy A03s 3GB/32GB - Hàng Chính Hãng - Mới 100% Nguyên Seal - Bảo Hành 12 Tháng - Pin Khủng 5000 mAh - Selfie Sắc Nét Với Camera Trước 5MP,18802,3090000,521000,2569000,17,0,0,0,128602,1829
213953778,"Điện thoại Samsung Galaxy A03 Core (2GB/32GB) - Hàng Chính Hãng, Mới 100%, Nguyên Seal | Bảo hành 12 tháng - Camera chính 8MP Full HD - Pin Khủng 5000 mAh - Điện Thoại Giá Rẻ",18802,3500000,1649000,1851000,47,0,0,0,11119,1829
213954130,"Điện thoại Samsung Galaxy A03 (3GB/32GB) - Hàng Chính Hãng, Mới 100%, Nguyên Seal | Bảo hành 12 tháng QZ2",18802,3150000,558000,2592000,18,0,0,0,128602,1829
213964811,"Điện thoại Oppo A16K (4GB/64GB) -Hàng Chính Hãng, Mới 100% | Bảo Hành 12 Tháng - Mới Nguyên Seal - Điện Thoại Giá Rẻ",25643,3168000,0,3168000,0,0,0,0,11119,1829
213969615,"Điện thoại Oppo Reno8 Z 5G (8GB/256GB) Hàng Chính Hãng, Mới 100%, Nguyên Seal | Bảo hành 12 tháng GZ32 | Điện Thoại Giá Rẻ | Điện Thoại Gaming",25643,8644000,0,8644000,0,0,0,0,11119,1829
214603586,Điện Thoại Samsung Galaxy A04e (3GB/32GB)- Hàng Chính Hãng,18802,2690000,591000,2099000,22,0,0,0,179232,1832
215543460,Điện Thoại Samsung Galaxy A14 5G (4GB/128GB) - Hàng Chính hãng,18802,5190000,395000,4795000,8,5,1,1,11119,1843
215617756,Điện Thoại Samsung A14 5G 4GB/128GB - Hàng Chính Hãng,18802,5190000,791000,4399000,15,0,0,3,29952,1845
215726589,Điện Thoại Realme C35 4GB/64GB - Hàng Chính Hãng,247549,4290000,771000,3519000,18,0,0,0,29952,1846
215746871,Điện thoại OPPO Reno8T 5G (8GB/128GB) - Hàng chính hãng,25643,9990000,0,9990000,0,0,0,0,213861,1856
215746882,Điện thoại OPPO Reno8T 4G - Hàng chính hãng,25643,8490000,0,8490000,0,0,0,0,213861,1856
215902961,Điện Thoại Smartphone KXD EL D68 3GB/32GB - Hàng chính hãng,111684,1699000,450000,1249000,26,4.3,9,35,179232,1854
216006578,Điện Thoại Oppo Reno 8T 5G (8GB/128GB) - Vàng - Hàng Chính Hãng  ,25643,9990000,1600000,8390000,16,5,1,3,1,1856
216090646,Điện Thoại Oppo Reno 8T 5G (8GB/256GB) - Hàng Chính Hãng,25643,10392000,0,10392000,0,0,0,0,11119,1857
216092766,Điện Thoại Oppo Reno 8T 4G (8GB/256GB),25643,8136000,0,8136000,0,0,0,0,11119,1857
216107577,Điện Thoại Oppo Reno 8T 5G (8GB/256GB) - Hàng Chính Hãng  - Vàng,25643,10392000,0,10392000,0,0,0,0,11119,1857
216171796,Điện thoại Samsung Galaxy S23 5G (8GB/128GB) - Hàng chính hãng,18802,23491000,159000,23332000,1,0,0,0,11119,1858
216173180,Điện thoại Samsung Galaxy S23 5G (8GB/256GB),18802,24990000,4000000,20990000,16,5,1,3,1,1858
216174231,Điện thoại Samsung Galaxy S23 Plus 5G (8GB/256GB),18802,26990000,4000000,22990000,15,5,1,2,1,1858
216174672,Điện thoại Samsung Galaxy S23 Plus 5G (8GB/512GB),18802,29990000,4000000,25990000,13,0,0,1,1,1858
216174917,Điện thoại Samsung Galaxy S23 Ultra 5G (8GB/256GB),18802,31990000,6000000,25990000,19,5,3,14,1,1858
216175253,Điện thoại Samsung Galaxy S23 Ultra 5G (12GB/512GB),18802,36990000,7000000,29990000,19,5,1,4,1,1858
216175761,Điện thoại Samsung Galaxy S23 Ultra 5G (12GB/1TB) - Hàng chính hãng,18802,42000000,6000000,36000000,14,0,0,0,11119,1858
216934468,Điện thoại Samsung Galaxy A14 5G (4GB/128GB) - Hàng chính hãng,18802,5190000,791000,4399000,15,5,1,2,162514,1861
217320709,Điện Thoại Realme Narzo 30A 4GB/64GB - Hàng Chính Hãng,247549,3990000,1177000,2813000,29,5,1,1,29952,1864
217327253,Điện Thoại Oppo A16k 4GB/64GB - Hàng Chính Hãng,25643,4290000,1459000,2831000,34,0,0,2,29952,1864
217422737,[Quốc Tế] Điện thoại gaming Nubia Red Magic 8 Pro / 8 Pro Plus 5G【100% Tiếng Việt ◆ Tản nhiệt ICE 11.0 ◆ Màn 120Hz 】- Hàng Nhập Khẩu,198543,19990000,3000000,16990000,15,0,0,0,39195,1865
217520819,Điện thoại Realme C33 4GB/64GB - Hàng chính hãng,247549,3990000,1240000,2750000,31,0,0,2,1,1866
217539600,Điện thoại Samsung Galaxy Z Flip3 5G (8GB/256GB) - Hàng chính hãng,18802,26990000,13421000,13569000,50,0,0,0,162514,1866
217540528,Điện thoại Samsung Galaxy A23 5G (4GB/128GB) - Hàng chính hãng,18802,6690000,1011000,5679000,15,0,0,1,162514,1866
217559440,Điện thoại Samsung Galaxy A03s (3GB/32GB) - Hàng chính hãng,18802,2990000,0,2990000,0,0,0,0,162514,1866
217560479,Điện thoại Samsung Galaxy A03 Core (2GB/32GB) - Hàng chính hãng,18802,3500000,1649000,1851000,47,0,0,0,11119,1866
217561628,Điện thoại Oppo A16K (4GB/64GB) - Hàng chính hãng,25643,3790000,701000,3089000,18,0,0,0,162514,1866
217613795,Điện thoại Realme Narzo 50i Prime (3GB/32GB) - Hàng Chính Hãng,247549,2190000,300000,1890000,14,4.5,24,91,1,1867
217614118,Điện thoại Realme C35 (4GB/64GB) - Hàng chính hãng,247549,4290000,451000,3839000,11,0,0,0,162514,1867
217614333,Điện thoại Realme Narzo 30A (4GB/64GB) - Hàng chính hãng,247549,3990000,1061000,2929000,27,0,0,0,162514,1867
217624457,Điện thoại Realme C21Y (4GB/64GB) - Hàng chính hãng,247549,3990000,731000,3259000,18,0,0,0,162514,1867
217627416,Điện thoại Vsmart Bee Lite (2GB/16GB) - Hàng chính hãng,257333,1990000,881000,1109000,44,5,1,5,162514,1867
219392186,Điện thoại OPPO CPH2471 - A17k Vàng - Hàng Chính Hãng (chỉ giao HN và một số khu vực),25643,3276000,0,3276000,0,0,0,0,11119,1870
219397711,Điện thoại Samsung Galaxy A14 5G A146P (4+128G) Đen - Hàng Chính Hãng (chỉ giao HN và một số khu vực),18802,5080000,285000,4795000,6,0,0,0,11119,1870
219400421,Điện thoại OPPO CPH2471 - A17k Xanh - Hàng Chính Hãng (chỉ giao HN và một số khu vực),25643,3276000,0,3276000,0,0,0,0,11119,1870
220680981,Điện thoại Realme 10 (8GB/256GB) - Hàng chính hãng,247549,7190000,1700000,5490000,24,5,2,10,1,1871
220681117,Điện thoại OPPO Reno8 T 5G (8GB/128GB) - Hàng Chính Hãng,25643,9990000,1300000,8690000,13,4.8,5,8,20704,1871
220684617,Điện thoại POCO X5 Pro 5G 6+128GB | 8+256GB - Hàng chính hãng,25422,7690000,1100000,6590000,14,5,1,4,122357,1873
220701017,Điện thoại POCO X5 5G 6+128GB | 8+256GB - Hàng chính hãng,25422,6490000,1200000,5290000,18,0,0,0,122357,1872
221230394,Điện Thoại Samsung Galaxy Z Fold4 5G (12GB/256GB) - Hàng Chính Hãng - Đã kích hoạt bảo hành điện tử,18802,38531000,6771000,31760000,18,0,0,0,11119,1872
221274391,"Điện thoại Tecno SPARK GO 2023 4GB/64GB - Helio A22 | 5000 mAh | 6,6"" HD+| Cảm ứng vân tay | Hàng chính hãng | Bảo hành chính hãng 13 tháng",162007,2490000,200000,2290000,8,4.6,5,21,189668,1872
225172279,Điện Thoại Xiaomi Redmi Note 11S ( 8GB-128GB ) - Hàng Chính Hãng,25422,5990000,0,5990000,0,0,0,0,34716,1875
225175114,Điện thoại Xiaomi Redmi 10C 4GB - 128GB - Hàng Chính Hãng,25422,3590000,0,3590000,0,0,0,0,34716,1875
225225705,Điện thoại Samsung Galaxy S23 Ultra 8GB/256GB Tím - Hàng chính hãng,18802,31990000,8000000,23990000,25,0,0,0,212607,1877
225226933,Điện thoại Samsung Galaxy S23 Ultra 8GB/256GB Kem - Hàng chính hãng,18802,31990000,8000000,23990000,25,0,0,0,212607,1877
225228869,Điện thoại Samsung Galaxy S23 Ultra 8GB/256GB Xanh lục - Hàng chính hãng,18802,31990000,8000000,23990000,25,0,0,0,212607,1877
225231572,Điện thoại Samsung Galaxy S23 Ultra 8GB/256GB Đen - Hàng chính hãng,18802,31990000,8000000,23990000,25,0,0,0,212607,1877
225234424,Điện thoại Samsung Galaxy S23 Ultra 12GB/512GB Xanh lục - Hàng chính hãng,18802,34000000,3005000,30995000,9,0,0,0,11119,1877
225235791,Điện thoại Samsung Galaxy S23 Ultra 12GB/1TB Tím - Hàng chính hãng,18802,42000000,6000000,36000000,14,0,0,0,11119,1877
225241398,Điện thoại Samsung Galaxy S23 Plus 8GB/256GB Kem - Hàng chính hãng,18802,25000000,3400000,21600000,14,0,0,0,11119,1877
225242723,Điện thoại Samsung Galaxy S23 Plus 8GB/512GB Kem - Hàng chính hãng,18802,28000000,4500000,23500000,16,0,0,0,11119,1877
225243333,Điện thoại Samsung Galaxy S23 Plus 8GB/256GB Tím - Hàng chính hãng,18802,25000000,3400000,21600000,14,0,0,0,11119,1877
225243804,Điện thoại Samsung Galaxy S23 Plus 8GB/512GB Tím - Hàng chính hãng,18802,28000000,0,28000000,0,0,0,0,11119,1877
225246744,Điện thoại Samsung Galaxy S23 Plus 8GB/256GB Đen - Hàng chính hãng,18802,25000000,3400000,21600000,14,0,0,0,11119,1877
225247922,Điện thoại Samsung Galaxy S23 Plus 8GB/512GB Đen - Hàng chính hãng,18802,28000000,4500000,23500000,16,0,0,0,11119,1877
225251266,Điện thoại Samsung Galaxy S23 Plus 8GB/256GB Xanh lục - Hàng chính hãng,18802,25000000,3400000,21600000,14,0,0,0,11119,1877
225260921,Điện thoại Samsung Galaxy S23 Plus 8GB/512GB Xanh lục - Hàng chính hãng,18802,28000000,4500000,23500000,16,0,0,0,11119,1877
225263865,Điện thoại Samsung Galaxy S23 Ultra 5G 8GB/256GB - Hàng chính hãng - ĐÃ KÍCH HOẠT BẢO HÀNH ĐIỆN TỬ,18802,31990000,9551000,22439000,30,5,1,2,20704,1877
225264029,Điện thoại Samsung Galaxy S23 8GB/128GB Xanh lục - Hàng chính hãng,18802,23491000,159000,23332000,1,0,0,0,11119,1877
225267444,Điện thoại Samsung Galaxy S23 Ultra 5G 12GB/512GB - Hàng chính hãng - ĐÃ KÍCH HOẠT BẢO HÀNH ĐIỆN TỬ,18802,33000000,2005000,30995000,6,0,0,0,11119,1877
225271277,Điện thoại Samsung Galaxy S23 5G 8GB/128GB - Hàng chính hãng - ĐÃ KÍCH HOẠT BẢO HÀNH ĐIỆN TỬ,18802,23491000,159000,23332000,1,0,0,0,11119,1877
225298417,Điện thoại Samsung Galaxy S23 Plus 5G 8GB/256GB - Hàng chính hãng - ĐÃ KÍCH HOẠT BẢO HÀNH ĐIỆN TỬ,18802,23000000,1400000,21600000,6,0,0,0,11119,1877
225381612,Điện Thoại Samsung Galaxy S23 Ultra 5G (8GB/256GB) - Hàng Chính Hãng,18802,31990000,10000000,21990000,31,5,1,1,10016,1878
225910655,Điện thoại Samsung Galaxy S23 Ultra (8GB/256GB) - Hàng chính hãng,18802,30000000,6724000,23276000,22,0,0,0,11119,1878
225920758,Điện Thoại Samsung Galaxy S23 Ultra 5G (12GB/512GB) - Hàng Chính Hãng,18802,36990000,10000000,26990000,27,5,1,1,10016,1878
225957987,Điện thoại Samsung Galaxy Z Flip4 5G - Hàng chính hãng,18802,22200000,7457000,14743000,34,0,0,0,11119,1879
225958846,Điện thoại Samsung Galaxy Z Flip4 5G - Hàng chính hãng,18802,22200000,7457000,14743000,34,0,0,0,11119,1879
225959581,Điện Thoại Samsung Galaxy S23 5G - Hàng Chính Hãng,18802,23491000,159000,23332000,1,0,0,0,11119,1879
225960096,Điện Thoại Samsung Galaxy S23+ 5G - Hàng Chính Hãng,18802,25000000,3400000,21600000,14,0,0,0,11119,1879
225961272,Điện Thoại Samsung Galaxy S23 Ultra 5G - Hàng Chính Hãng,18802,30000000,6724000,23276000,22,0,0,0,11119,1879
229701776,Điện Thoại Realme C21Y 4GB/64GB - Hàng Chính Hãng,247549,3290000,1000000,2290000,30,3,2,2,179232,1880
230008424,Điện thoại Samsung Galaxy S23 5G 8GB/256GB - Hàng chính hãng - ĐÃ KÍCH HOẠT BẢO HÀNH ĐIỆN TỬ,18802,23491000,159000,23332000,1,0,0,0,11119,1881
230055130,Điện thoại Oppo Reno8 T (8GB/256GB) - Hàng chính hãng,25643,10392000,0,10392000,0,0,0,0,11119,1881
230056086,Điện thoại Oppo Reno8 T 5G (8GB/128GB) - Hàng chính hãng,25643,9492000,0,9492000,0,0,0,0,11119,1881
230082250,Điện Thoại Oppo Reno8 T 5G 8GB/128GB - Hàng Chính Hãng,25643,9492000,0,9492000,0,0,0,0,11119,1881
230151040,Điện Thoại OPPO A73 4GB/64GB - Snapdragon 662 - Hàng Nhập Khẩu - Bản quốc tế,25643,3990000,791000,3199000,20,5,1,4,179232,1882
230155305,Điện thoại Xiaomi Redmi Note 10 JE 5G 4GB/64GB - Màn 90HZ - Chống Nước IP68 - Hàng Nhập Khẩu - Bản quốc tế,25422,3990000,1191000,2799000,30,5,4,15,179232,1882
230157205,Điện thoại Xiaomi Redmi Note 10T 5G 4GB/64GB - Màn 90HZ - Chống Nước IP68 - Hàng Nhập Khẩu - Bản quốc tế,25422,4190000,991000,3199000,24,5,1,8,179232,1882
230203067,Điện thoại OPPO A55s 5G 4GB/64GB - Màn 90hz - Chống nước IP68 - Hàng nhập khẩu - Bản quốc tế,25643,4590000,1341000,3249000,29,5,2,2,179232,1882
242635843,Điện thoại Samsung Galaxy S23 8GB 256GB - Hàng chính hãng,18802,24900000,0,24900000,0,0,0,0,259954,1889
242657652,Điện thoại Samsung Galaxy S23 Plus 256GB - Hàng chính hãng,18802,26990000,0,26990000,0,0,0,0,259954,1889
242658327,Điện thoại Samsung Galaxy S23 Plus 512GB - Hàng chính hãng,18802,29990000,0,29990000,0,0,0,0,259954,1889
242712374,Điện thoại Samsung Galaxy S23 Ultra 256GB - Hàng chính hãng,18802,31990000,0,31990000,0,0,0,0,259954,1890
242712931,Điện thoại Samsung Galaxy S23 Ultra 512GB - Hàng chính hãng,18802,36990000,9200000,27790000,25,0,0,0,259954,1890
242767053,Điện Thoại Samsung A04e 4GB/128GB - Hàng Chính Hãng,18802,4500000,0,4500000,0,0,0,0,11119,1891
242771940,Điện Thoại Samsung A04e 3GB/32GB - Hàng Chính Hãng,18802,2990000,811000,2179000,27,0,0,0,29952,1891
242781280,Điện Thoại Samsung A03 Core (2GB/32GB) Đồng - Đã kích hoạt bảo hành - Hàng Chính Hãng,18802,2490000,840000,1650000,34,4.8,4,20,1,1891
243165179,Điện thoại OPPO Reno8 T 4G (8GB/256GB) - Hàng Chính Hãng,25643,8490000,1190000,7300000,14,0,0,3,20704,1893
243300520,Điện thoại Vivo Y22S (4GB/128GB) - Hàng chính hãng,52232,5290000,0,5290000,0,0,0,0,20704,1893
244167098,Điện thoại Xiaomi Redmi 12C (4GB/64GB) - Hàng chính hãng,25422,3590000,640000,2950000,18,0,0,4,20704,1894
244168988,Redmi 12C| MediaTek Helio G85| Camera kép AI 50MP| Pin 5000mAh - Hàng chính hãng,25422,3190000,900000,2290000,28,0,0,2,122357,1894
244173959,Điện Thoại Samsung Galaxy A04e (3GB/64GB) - Hàng Chính Hãng - Đã kích hoạt bảo hành điện tử,18802,3190000,990000,2200000,31,0,0,12,20704,1894
244182370,Điện thoại Samsung Galaxy S23 Ultra 1TB - Hàng chính hãng,18802,44990000,12500000,32490000,28,0,0,0,259954,1894
244303202,Điện Thoại Samsung A14 4GB/128GB - Hàng Chính Hãng,18802,4490000,943000,3547000,21,5,1,4,29952,1894
244308977,Điện Thoại Xiaomi Redmi 12C 4GB/64GB - Hàng Chính Hãng,25422,3590000,840000,2750000,23,4.8,6,27,1,1894
244332381,Điện thoại Samsung Galaxy A04 32GB - Hàng chính hãng,18802,2990000,0,2990000,0,0,0,0,259954,1894
244355503,Điện thoại Samsung Galaxy A04s (4GB/64BG) - Hàng chính hãng,18802,3990000,0,3990000,0,0,0,0,259954,1894
245769514,Điện thoại Samsung Galaxy A04 (3GB/32GB) - Hàng chính hãng - Đã kích hoạt bảo hành điện tử,18802,2289000,228900,2060100,10,0,0,0,325466,1944
245770248,Điện thoại Xiaomi Redmi 12C (4GB/64GB) - Hàng chính hãng,25422,3590000,701000,2889000,20,0,0,0,162514,1895
245770363,Điện thoại Samsung Galaxy A04e (3GB/32GB) - Hàng chính hãng,18802,2990000,721000,2269000,24,0,0,0,162514,1895
245770806,Điện thoại Samsung Galaxy A14 LTE (4GB/128GB) - Hàng chính hãng,18802,4490000,861000,3629000,19,0,0,0,162514,1895
246163082,Điện Thoại Nokia C30 2GB/32GB - Hàng Chính Hãng,19673,2290000,534000,1756000,23,0,0,0,29952,1900
246167380,Điện thoại Samsung Galaxy S21 FE 5G (8GB/256GB) - Hàng chính hãng - ĐÃ KÍCH HOẠT BẢO HÀNH ĐIỆN TỬ,18802,18990000,8504000,10486000,45,5,1,2,20704,1895
247016383,Điện Thoại Xiaomi Redmi 12C 4GB/64GB - Hàng Chính Hãng,25422,3490000,691000,2799000,20,4.5,2,2,179232,1896
247299188,Điện thoại Tecno Spark Go 2023 4GB/64GB - Hàng chính hãng,162007,3290000,1091000,2199000,33,5,3,3,179232,1898
247451178,Điện thoại Realme C30s (4GB/64GB) - Hàng chính hãng,247549,3190000,940000,2250000,29,4.8,4,20,1,1899
247720861,Điện thoại di đông Xiaomi Redmi 10A 2GB/32GB - Hàng Chính Hãng,25422,2390000,0,2390000,0,0,0,0,34716,1900
247730209,Điện thoại Samsung Galaxy A34 5G (8GB/128GB) - Hàng chính hãng,18802,7853000,712000,7141000,9,0,0,0,11119,1901
247730281,Điện thoại Samsung Galaxy A54 5G (8GB/128GB) - Hàng chính hãng,18802,10490000,2000000,8490000,19,5,7,23,1,1901
247731336,Điện thoại Samsung Galaxy A54 5G (8GB/256gb) - Hàng chính hãng,18802,10790000,1096000,9694000,10,0,0,0,11119,1901
247823537,Điện thoại Realme C55 (6GB/128GB) - Hàng chính hãng,247549,4790000,800000,3990000,17,5,8,30,1,1902
247829297,Điện thoại Realme C55 (8GB/256GB) - Hàng chính hãng,247549,5690000,940000,4750000,17,5,1,9,1,1902
247925719,Điện thoại Samsung Galaxy A14  (4GB/128GB) - Hàng Chính Hãng - Đã kích hoạt bảo hành điện tử,18802,4490000,661000,3829000,15,0,0,6,20704,1903
248005118,Điện Thoại Samsung Galaxy A34 5G (8GB/128GB) - Hàng Chính Hãng,18802,8490000,0,8490000,0,0,0,0,10016,1904
248469947,Điện Thoại OPPO A17 (4GB/64GB) - Hàng Chính Hãng,25643,3990000,300000,3690000,8,0,0,0,20704,1906
248590019,Điện thoại Xiaomi Redmi 12C (3GB/32GB) - Hàng chính hãng,25422,3590000,1091000,2499000,30,5,1,1,179232,1907
248613625,Điện Thoại Realme C35 (4GB/128GB) Unisoc Tiger T616 - Hàng Chính Hãng,247549,4990000,1391000,3599000,28,5,1,3,179232,1908
248655651,Điện Thoại Samsung Galaxy A14 5G (4GB/128GB) - Hàng chính hãng - ĐÃ KÍCH HOẠT BẢO HÀNH ĐIỆN TỬ,18802,5190000,700000,4490000,13,0,0,0,20704,1908
248688169,Điện Thoại Samsung A54 5G 8GB/128GB - Hàng Chính Hãng,18802,10490000,1941000,8549000,19,0,0,0,29952,1908
248704404,Điện Thoại Samsung Galaxy A14 (4GB/128GB) - Hàng Chính Hãng,18802,4490000,891000,3599000,20,0,0,1,10016,1909
248745868,"Điện thoại Redmi Note 12 AMOLED 6.67"" FHD+| Snapdragon 685| 5000mAh - Hàng chính hãng",25422,4990000,500000,4490000,10,5,1,1,122357,1909
248754839,Điện Thoại OPPO A17K (3GB/64GB) - Hàng Chính Hãng,25643,3290000,370000,2920000,11,5,1,1,20704,1909
248762051,Điện Thoại Samsung A34 5G 8GB/128GB - Hàng Chính Hãng,18802,7853000,712000,7141000,9,0,0,0,11119,1909
248799307,Điện thoại Xiaomi 13 Lite (8GB/256GB) - Hàng chính hãng,25422,11490000,1041000,10449000,9,0,0,0,162514,1910
248880498,Điện Thoại Samsung Galaxy S23 (8GB/128GB) - Hàng Chính Hãng,18802,22990000,0,22990000,0,0,0,1,10016,1911
248886140,Điện thoại Samsung Galaxy A54 5G (8GB/128GB) - Hàng chính hãng,18802,10490000,1731000,8759000,17,0,0,0,162514,1912
248911447,Điện Thoại Samsung Galaxy A54 5G (8GB/128GB) - Hàng Chính Hãng,18802,10490000,0,10490000,0,0,0,0,10016,1911
248911602,Điện Thoại Samsung Galaxy A54 5G (8GB/256GB) - Hàng Chính Hãng,18802,11490000,0,11490000,0,0,0,0,10016,1911
248929458,Điện thoại Samsung Galaxy A34 5G (8GB/128GB) - Hàng chính hãng,18802,8490000,1841000,6649000,22,0,0,0,162514,1912
249033328,Điện thoại OPPO Find N2 Flip (8GB/256GB) - Hàng Chính Hãng,25643,19990000,1000000,18990000,5,0,0,1,1,1913
249143473,Điện thoại Samsung Galaxy A34 5G (8GB/128GB) - Hàng chính hãng - ĐÃ KÍCH HOẠT BẢO HÀNH ĐIỆN TỬ,18802,8490000,2228000,6262000,26,0,0,6,20704,1914
249151803,Điện Thoại Samsung Galaxy A54 5G (8GB/128GB) - Hàng Chính Hãng - Đã kích hoạt bảo hành điện tử,18802,10490000,2072000,8418000,20,0,0,1,20704,1914
249161227,Điện thoại Nokia C21 Plus 2GB/64GB Xám Ánh Kim - Hàng chính hãng,19673,2890000,1100000,1790000,38,0,0,0,212607,1914
249167880,Điện thoại Vivo Y02s 3GB/32GB Đen - Hàng chính hãng,52232,3490000,600000,2890000,17,0,0,0,212607,1914
249168159,Điện thoại Vivo Y02s 3GB/32GB Xanh - Hàng chính hãng,52232,3490000,600000,2890000,17,0,0,0,212607,1914
249168300,Điện thoại OPPO A57 4GB/128GB Đen - Hàng chính hãng,25643,4990000,900000,4090000,18,0,0,0,212607,1914
249168949,Điện thoại Samsung Galaxy A34 5G 8GB/128GB Bạc - Hàng chính hãng,18802,8490000,1300000,7190000,15,0,0,0,212607,1914
249169833,Điện thoại Samsung Galaxy A34 5G 8GB/128GB Đen - Hàng chính hãng,18802,8490000,1300000,7190000,15,0,0,0,212607,1914
249178196,Điện thoại Samsung Galaxy A34 5G 8GB/128GB Xanh - Hàng chính hãng,18802,8490000,1300000,7190000,15,0,0,0,212607,1914
249237203,Điện thoại XIAOMI POCO C40 (4GB/64GB) - Hàng chính hãng,25422,3290000,600000,2690000,18,0,0,1,179232,1915
249285315,Điện thoại Samsung Galaxy A14 5G 4GB/128GB Đỏ - Hàng chính hãng,18802,5190000,400000,4790000,8,0,0,0,212607,1915
249285505,Điện thoại Samsung Galaxy A14 5G 4GB/128GB Đen - Hàng chính hãng,18802,5190000,400000,4790000,8,0,0,0,212607,1915
249286069,Điện thoại Samsung Galaxy A14 5G 4GB/128GB Bạc - Hàng chính hãng,18802,5190000,400000,4790000,8,0,0,0,212607,1915
249534908,"Điện thoại Tecno SPARK GO 2023 3GB/64GB - Helio A22 | 5000 mAh | 6,6"" HD+| Cảm ứng vân tay | Hàng chính hãng | Bảo hành chính hãng 13 tháng",162007,2490000,391000,2099000,16,5,2,3,179232,1917
249890023,Điện Thoại Xiaomi Redmi Note 12 Pro 5G 8GB/256GB - Hàng Chính Hãng,25422,9490000,501000,8989000,5,0,0,0,29952,1921
249890677,Điện Thoại Xiaomi Redmi Note 12 4GB/128GB - Hàng Chính Hãng,25422,4990000,992000,3998000,20,4.8,6,23,29952,1921
249955152,Điện thoại Xiaomi Redmi Note 12 Pro 5G (8GB/256GB) - Hàng chính hãng,25422,9000000,0,9000000,0,0,0,0,11119,1922
249956458,Điện thoại Xiaomi Redmi Note 12 (4GB/128GB) - Hàng chính hãng,25422,4990000,951000,4039000,19,3,1,1,162514,1922
250109584,Điện thoại Xiaomi Redmi Note 12 (4GB/128GB) - Hàng chính hãng,25422,4990000,1021000,3969000,20,5,7,21,20704,1923
250113073,Điện thoại Xiaomi Redmi Note 12 Pro 5G (8GB/256GB) - Hàng chính hãng,25422,9490000,800000,8690000,8,4,1,4,20704,1923
251267508,Điện thoại Samsung Galaxy A14 4G 4GB/64GB Đỏ - Hàng chính hãng,18802,4490000,1040000,3450000,23,0,0,0,212607,1926
251267710,Điện thoại Samsung Galaxy A14 4G 4GB/64GB Đen - Hàng chính hãng,18802,4490000,1040000,3450000,23,0,0,1,212607,1926
251275686,Điện thoại OPPO A57 4GB/128GB Vàng - Hàng chính hãng,25643,4632000,0,4632000,0,0,0,0,11119,1926
251514670,"Điện thoại Xiaomi Redmi Note 12 (4GB/128GB) Màn AMOLED 120HZ, Snapdragon 685 , Sạc 33W - Hàng chính hãng",25422,4990000,1011000,3979000,20,0,0,3,179232,1928
251545952,Điện thoại Tecno Spark Go 2023 4G/64G Hàng chính hãng,162007,2590000,438000,2152000,17,0,0,0,325466,1929
251930331,Điện thoại Redmi A1 | Điện thoại cấu hình mạnh - Hàng chính hãng - Giá rẻ,25422,2389000,516000,1873000,22,0,0,0,325466,1943
251930381,Điện thoại di động Vivo Y02 - Hàng chính hãng,52232,2699000,0,2699000,0,0,0,0,325466,1954
251930450,"Điện thoại itel Vision 2 3GB/64GB l Pin 4000mAh l Màn hình 6.6"" - Camera 13MP - Hàng chính hãng giá rẻ",111684,2290000,571000,1719000,25,0,0,0,325466,1933
251930461,Điện thoại Samsung Galaxy A14 5G - Hàng chính hãng - Đã kích hoạt bảo hành điện tử,18802,4999000,590000,4409000,12,0,0,0,325466,1944
252072957,Điện thoại Vivo Y01 (2GB/32GB) - Hàng Chính hãng,52232,2330100,0,2330100,0,0,0,0,325466,1955
252072963,Điện thoại Xiaomi Redmi 9C (3GB/64GB) - Hàng chính hãng,25422,2990000,646000,2344000,22,0,0,0,325466,1943
252073027,Điện thoại Nokia C21 Plus (2G/32G) - Pin lâu - Hàng chính hãng - Giá rẻ,19673,1990000,235000,1755000,12,0,0,0,325466,1944
252073036,Điện thoại di động Xiaomi Redmi 9A - 2GB/32GB - Hàng chính hãng - Giá rẻ,25422,2290000,495000,1795000,22,0,0,0,325466,1943
252073070,Điện thoại Vivo Y16 (4G/64G) - Hàng chính hãng,52232,3999000,0,3999000,0,0,0,0,325466,1954
252073087,Điện thoại Itel A26 (2G/32g) - Hàng Chính Hãng,111684,1490000,338000,1152000,23,0,0,0,325466,1933
252073104,Điện thoại Xiaomi Redmi 10A (2/32GB)  - Hàng chính hãng,25422,2590000,306000,2284000,12,0,0,0,325466,1943
252073161,Điện thoại Nokia G11 (4/64G) - Hàng chính hãng - Giá rẻ - pin lâu,19673,2590000,306000,2284000,12,5,1,2,325466,1944
252073167,Xiaomi Redmi 12C (4G/64G) - Hàng Chính Hãng,25422,3590000,775000,2815000,22,0,0,0,325466,1943
252073205,Điện thoại Samsung Galaxy A23 4GB/128G - Hàng Chính Hãng - Đã kích hoạt bảo hành điện tử,18802,4990000,589000,4401000,12,0,0,0,325466,1944
252104066,Điện thoại Xiaomi Redmi A1 (4GB/64GB) Camera kép - Pin 5000mAh - Hàng nhập khẩu,25422,2990000,1121000,1869000,37,0,0,2,179232,1932
252226222,Điện Thoại Smartphone Mobell S60 RAM 1GB  ROM 16GB - MÀN HÌNH 5.5ICNH - HÀNG CHÍNH HÃNG MỚI 100% FULL BOX,22017,445000,0,445000,0,0,0,0,9141,1934
252392905,Điện Thoại Samsung Galaxy A54 5G (8GB/256GB) - Hàng Chính Hãng - Đã kích hoạt bảo hành điện tử,18802,11490000,1900000,9590000,17,0,0,0,20704,1935
252423003,Điện thoại Tecno SPARK 10 4GB/128GB - Camera 50MP | 5000 mAh | Sạc nhanh 18W | Cảm ứng vân tay - Hàng chính hãng,162007,3190000,200000,2990000,6,0,0,1,189668,1935
252427658,Điện thoại Tecno SPARK 10 Pro 8GB/128GB - Helio G88 | 5000 mAh | Sạc nhanh 18W | Cảm ứng vân tay - Hàng chính hãng,162007,3990000,450000,3540000,11,4.5,2,4,189668,1935
252428990,Điện thoại Tecno SPARK 10 Pro 8GB/256GB - Helio G88 | 5000 mAh | Sạc nhanh 18W | Cảm ứng vân tay - Hàng chính hãng,162007,4490000,400000,4090000,9,0,0,0,189668,1935
252676884,Điện thoại Xiaomi Redmi 10C (4G/128G) - hàng chính hãng,25422,3490000,754000,2736000,22,0,0,0,325466,1943
252677312,Điện Thoại vivo V27e (8GB-256GB) - MỚI RA MẮT - GIÁ DỰ KIẾN - Hàng chính hãng,52232,8990000,0,8990000,0,0,0,0,235971,1938
253269077,Điện thoại Samsung Galaxy A14 LTE 4GB/128GB - Hàng Chính Hãng - Đã kích hoạt bảo hành,18802,4490000,1040000,3450000,23,0,0,2,1,1951
253395356,Điện Thoại Samsung M14 5G 6GB/128GB - Hàng Chính Hãng,18802,5790000,401000,5389000,7,0,0,0,29952,1955
253407100,Điện Thoại Realme C55 6GB/128GB - Hàng Chính Hãng,247549,4990000,801000,4189000,16,0,0,0,29952,1955
253443652,Điện Thoại Samsung Galaxy M14 5G - Hàng Chính Hãng,18802,6000000,1032000,4968000,17,0,0,0,11119,1956
253443788,Điện Thoại Samsung Galaxy M14 5G (4GB/64GB) - Hàng Chính Hãng,18802,6000000,1032000,4968000,17,0,0,0,11119,1956
253443894,Điện Thoại Samsung Galaxy M14 5G (4GB/128GB) - Hàng Chính Hãng,18802,6000000,687000,5313000,11,0,0,0,11119,1956
253443951,Điện Thoại Samsung Galaxy M14 5G (6GB/128GB) - Hàng Chính Hãng,18802,6000000,469000,5531000,8,0,0,0,11119,1956
253489331,Điện thoại Vivo Y02A - Hàng chính hãng,52232,2790000,0,2790000,0,0,0,0,235971,1956
253495139,Điện Thoại OnePlus Nord CE 3 Lite | 6.72 Inch IPS LCD | 5000mAh | Snapdragon 695 5G | 8GB 256GB - Hàng Chính Hãng,27468,6990000,1000000,5990000,14,0,0,0,331898,1956
255866251,Điện Thoại Samsung A14 4GB/128GB - Hàng Chính Hãng,18802,4490000,941000,3549000,21,0,0,0,179232,1962
